Age,Gender,Income_Level,Preferred_Travel_Type,Avg_Trip_Duration,Spending_Amount,Booking_Channel,Repeat_Visitor,Customer_Review_Score,Cluster_Label
56,Female,Low,Cultural,11,1347.36,Website,No,3.2,2
69,Male,Low,Leisure,9,1338.2,Website,No,3.0,2
46,Male,Low,Leisure,9,1701.28,Website,Yes,3.2,2
32,Female,Medium,Leisure,11,2292.98,Agent,No,3.3,0
60,Other,High,Adventure,15,4654.16,Agent,Yes,4.6,3
25,Male,High,Leisure,10,3729.18,Website,Yes,4.2,3
38,Other,Medium,Religious,11,2176.05,Agent,No,3.7,1
56,Other,Low,Religious,9,1230.08,Agent,Yes,4.0,1
36,Female,Low,Religious,6,1332.12,App,No,3.9,1
40,Female,Medium,Adventure,14,3387.56,Website,Yes,4.0,3
28,Female,Low,Leisure,7,862.39,Agent,No,3.1,2
28,Female,Medium,Adventure,12,3102.76,Agent,Yes,4.5,3
41,Male,Medium,Leisure,10,2591.37,Website,Yes,4.1,1
53,Male,Medium,Cultural,9,2823.58,App,Yes,4.0,1
57,Female,Medium,Cultural,9,2928.27,Website,Yes,4.0,1
41,Male,High,Adventure,14,5335.54,App,Yes,4.5,3
20,Female,Medium,Religious,6,1405.58,Agent,No,2.8,2
39,Other,Medium,Adventure,14,3002.06,App,Yes,3.7,0
19,Other,High,Religious,8,3197.52,App,No,4.3,1
41,Other,High,Leisure,9,3742.84,Website,Yes,3.7,3
61,Female,Medium,Religious,11,2477.12,Agent,Yes,4.4,1
47,Other,Medium,Religious,8,2182.35,Website,No,3.9,1
55,Male,Medium,Leisure,10,2054.79,Website,Yes,3.6,1
19,Other,High,Cultural,10,3634.25,Agent,No,4.0,3
38,Other,High,Leisure,10,2989.62,Website,No,3.5,0
50,Other,Low,Adventure,12,2767.19,Website,Yes,4.3,3
29,Male,Medium,Adventure,11,3384.13,App,No,3.9,3
39,Female,Medium,Adventure,14,2486.38,Website,No,2.5,0
61,Male,Medium,Adventure,13,3151.51,Agent,Yes,4.1,3
42,Female,Low,Adventure,12,2069.25,Website,No,3.0,0
66,Female,High,Cultural,13,4275.24,App,Yes,4.3,3
44,Other,Medium,Cultural,14,2827.75,Website,Yes,3.5,0
59,Female,High,Religious,10,3133.99,Website,No,4.3,1
45,Male,High,Adventure,13,3310.47,Website,No,3.8,3
33,Male,Medium,Leisure,10,2242.22,App,No,2.9,2
32,Female,Medium,Adventure,11,2444.46,Agent,No,2.7,0
64,Other,Medium,Cultural,12,2423.44,Agent,No,3.0,0
68,Other,Low,Adventure,10,2554.47,App,No,3.5,0
61,Male,Medium,Cultural,10,2609.42,App,Yes,4.1,1
69,Other,Low,Religious,8,1700.34,Website,Yes,4.3,1
20,Female,Medium,Religious,9,2137.69,Agent,Yes,4.2,1
54,Female,Low,Religious,8,1197.45,App,No,3.3,2
68,Male,Low,Cultural,11,2368.49,Agent,Yes,3.9,1
24,Female,Low,Adventure,11,2163.39,Website,Yes,3.2,0
38,Male,Low,Adventure,10,2542.56,App,Yes,3.9,1
26,Female,Medium,Leisure,8,2231.83,Agent,No,3.9,1
56,Male,Medium,Cultural,11,2371.98,Agent,No,3.2,0
35,Other,Medium,Leisure,11,2232.71,Website,Yes,4.0,1
21,Female,Low,Religious,7,1130.83,App,Yes,3.5,2
42,Female,Low,Adventure,9,1933.75,Agent,Yes,3.4,2
31,Male,Low,Cultural,10,2621.1,Website,Yes,3.9,1
67,Male,Low,Leisure,8,2119.78,Agent,Yes,4.1,1
26,Female,High,Leisure,9,2646.05,Website,No,3.2,2
43,Male,Low,Leisure,9,889.64,Agent,No,2.7,2
19,Female,Medium,Adventure,14,3310.94,Agent,Yes,3.5,0
37,Other,Low,Adventure,13,2410.56,Website,Yes,4.1,3
45,Male,Low,Adventure,11,2631.04,App,Yes,3.8,1
64,Female,Medium,Cultural,12,2744.89,Website,Yes,4.4,3
24,Other,Medium,Adventure,13,3243.74,App,Yes,4.5,3
61,Other,Low,Cultural,12,2254.74,Agent,Yes,3.7,0
25,Female,Low,Leisure,7,1502.14,Agent,Yes,3.4,2
64,Male,Medium,Leisure,10,1435.59,Website,No,2.1,2
52,Female,Low,Religious,6,782.44,Website,No,2.3,2
31,Other,Low,Adventure,10,1680.95,App,No,2.5,2
34,Female,High,Leisure,12,4023.94,App,Yes,4.8,3
53,Male,Medium,Adventure,16,4101.95,App,No,3.4,3
67,Other,Medium,Cultural,12,2546.62,Website,No,3.3,0
57,Female,Medium,Leisure,11,2582.32,Agent,Yes,3.0,0
21,Male,Medium,Adventure,13,3242.92,Website,Yes,3.4,0
19,Other,Medium,Leisure,8,2451.18,Agent,Yes,4.5,1
23,Male,Medium,Leisure,9,2362.4,Website,Yes,4.1,1
59,Other,Medium,Adventure,16,3518.43,Website,Yes,3.8,3
21,Female,Low,Leisure,7,2223.34,App,Yes,4.4,1
46,Male,Medium,Leisure,12,2342.11,Agent,Yes,4.4,1
35,Other,Medium,Leisure,5,2198.47,Website,Yes,4.6,1
43,Male,High,Leisure,12,3438.46,Website,Yes,4.1,3
61,Male,Medium,Cultural,12,2723.03,Agent,No,3.3,0
51,Female,Medium,Leisure,9,2100.77,Website,Yes,4.8,1
27,Male,Low,Religious,7,811.17,Agent,No,2.0,2
53,Other,Medium,Leisure,7,2477.85,App,Yes,4.6,1
31,Other,Low,Adventure,11,2689.12,App,Yes,3.9,1
48,Other,Medium,Religious,9,2636.91,Agent,Yes,4.3,1
65,Other,Low,Cultural,13,2012.66,App,Yes,3.3,0
32,Female,Medium,Religious,7,2177.86,Agent,Yes,4.1,1
25,Male,Low,Religious,5,843.5,Website,Yes,3.9,2
31,Female,Medium,Religious,7,1628.82,Website,Yes,5.0,1
40,Male,High,Adventure,16,4126.27,Agent,No,3.7,3
57,Male,Low,Adventure,13,2253.83,Website,Yes,3.3,0
38,Male,Medium,Adventure,13,3679.39,App,No,3.3,0
33,Female,Medium,Cultural,12,2796.26,Website,Yes,3.7,0
62,Male,Low,Adventure,13,1558.09,Website,No,2.1,0
35,Female,Medium,Adventure,15,3136.94,Agent,Yes,3.6,0
64,Other,Low,Religious,7,1577.79,App,No,3.5,2
41,Other,Medium,Adventure,13,3292.91,Website,No,2.8,0
43,Male,Medium,Leisure,9,1460.58,Website,No,3.4,2
42,Female,Medium,Adventure,11,2537.4,Agent,Yes,4.0,1
62,Other,Medium,Cultural,12,3122.67,Agent,No,3.1,0
58,Female,Low,Cultural,11,2348.26,App,Yes,3.7,0
46,Female,Low,Leisure,8,830.89,Website,No,3.4,2
32,Male,Medium,Cultural,11,2911.76,Agent,Yes,4.3,1
62,Other,Medium,Cultural,10,2050.65,Agent,Yes,3.8,1
18,Male,High,Religious,9,3412.39,Agent,Yes,4.3,1
42,Male,High,Leisure,10,3989.72,App,Yes,4.5,3
24,Other,High,Religious,8,3258.66,Agent,No,3.7,1
26,Other,Medium,Religious,8,1637.21,App,No,2.3,2
41,Female,Medium,Adventure,14,3052.08,App,No,4.0,3
18,Other,Medium,Leisure,12,1713.75,Website,No,3.0,0
61,Female,Medium,Adventure,14,2902.99,Website,No,3.3,0
25,Female,Low,Adventure,12,2157.77,App,Yes,3.6,0
41,Female,High,Religious,10,3313.95,Website,Yes,3.9,1
28,Other,High,Cultural,10,3422.63,Website,Yes,4.2,3
68,Male,Medium,Leisure,10,2866.72,Agent,Yes,3.4,0
34,Female,Low,Cultural,10,2008.91,Website,Yes,4.7,1
25,Male,Medium,Religious,12,2505.99,App,Yes,3.3,0
52,Male,High,Religious,10,3502.85,Website,Yes,3.9,3
52,Other,High,Religious,11,3266.8,Agent,Yes,3.9,3
50,Male,Low,Religious,7,1111.47,App,No,3.5,2
22,Male,Low,Religious,5,1026.31,Website,Yes,3.8,2
59,Other,High,Religious,12,4732.61,App,Yes,4.0,3
56,Female,Medium,Cultural,13,2507.79,Website,Yes,4.2,3
58,Male,Medium,Adventure,15,3860.63,Agent,Yes,4.2,3
45,Other,High,Cultural,12,4225.43,Website,Yes,4.5,3
24,Male,Low,Leisure,10,1885.57,App,Yes,4.0,1
26,Male,Medium,Cultural,9,3278.96,App,Yes,5.0,1
25,Female,Low,Religious,7,1588.01,App,Yes,4.7,1
29,Male,Medium,Cultural,14,2883.12,Website,Yes,3.5,0
51,Other,High,Adventure,14,4360.44,Website,Yes,4.8,3
50,Male,Medium,Leisure,9,2338.45,Website,No,3.5,1
65,Female,High,Cultural,14,4625.32,Agent,Yes,4.4,3
40,Female,Medium,Adventure,13,3023.67,Agent,Yes,3.2,0
41,Other,Medium,Cultural,9,2280.6,Agent,Yes,3.9,1
54,Female,Low,Leisure,8,1370.48,App,No,2.7,2
52,Male,Medium,Cultural,10,2701.36,App,Yes,4.3,1
61,Female,Medium,Religious,10,2217.32,App,No,3.6,1
57,Other,Low,Cultural,9,2077.61,App,No,2.4,2
39,Female,Medium,Adventure,16,3399.19,App,Yes,3.8,3
44,Female,Medium,Cultural,10,2588.53,Website,Yes,4.4,1
52,Female,Medium,Adventure,13,3438.78,App,Yes,3.9,3
18,Other,Medium,Leisure,10,2525.91,Website,Yes,4.2,1
52,Female,Medium,Cultural,10,2117.31,Agent,Yes,3.9,1
54,Female,Low,Leisure,9,1559.37,Agent,Yes,3.8,1
64,Male,Low,Leisure,11,1974.76,Agent,Yes,3.6,0
31,Other,Medium,Cultural,9,2986.4,Agent,Yes,3.7,1
20,Female,Medium,Adventure,13,2563.81,Agent,No,2.7,0
18,Other,Low,Leisure,8,1088.41,App,Yes,3.8,2
22,Female,High,Leisure,12,3697.29,App,No,3.6,3
43,Female,Medium,Cultural,10,2305.77,App,No,3.2,0
31,Female,Medium,Cultural,9,1869.48,Agent,No,3.0,2
56,Male,Low,Cultural,11,1484.07,Agent,No,2.8,2
44,Male,Medium,Cultural,12,2666.02,Website,Yes,4.2,3
26,Male,Medium,Cultural,11,2689.95,App,Yes,3.8,1
32,Other,Medium,Religious,9,1619.71,Agent,Yes,3.1,2
32,Other,Medium,Cultural,10,2960.5,Agent,Yes,4.4,1
43,Male,High,Adventure,15,4528.84,Agent,No,3.4,3
59,Other,Medium,Leisure,10,2271.83,Website,No,3.3,0
30,Female,Low,Adventure,11,1900.07,Agent,Yes,4.3,1
68,Female,Medium,Adventure,17,3380.93,Website,Yes,3.7,3
49,Female,Medium,Religious,9,2214.42,Website,Yes,4.0,1
56,Male,Medium,Cultural,10,3141.01,App,Yes,3.7,1
66,Other,Low,Leisure,10,2061.88,Agent,Yes,3.7,1
69,Male,Low,Adventure,11,2066.12,Website,Yes,3.9,1
49,Other,High,Cultural,14,3840.97,Agent,No,2.8,0
21,Female,Medium,Cultural,13,3103.56,App,Yes,4.0,3
47,Male,High,Religious,9,3743.12,App,No,4.0,3
54,Other,Medium,Religious,10,2112.73,Website,No,3.2,2
40,Other,Medium,Religious,9,2308.09,App,No,3.8,1
56,Female,Medium,Leisure,11,2846.52,App,Yes,4.1,1
62,Male,High,Adventure,18,4994.51,App,No,4.0,3
32,Male,Medium,Religious,8,1944.31,Agent,No,2.9,2
60,Male,Medium,Religious,8,2103.05,Agent,Yes,4.0,1
46,Female,Low,Religious,6,1642.39,Website,Yes,4.0,1
53,Male,Medium,Adventure,13,2935.75,Website,No,2.8,0
30,Female,Medium,Adventure,13,3178.46,App,Yes,4.3,3
49,Female,Low,Religious,8,1512.53,App,Yes,4.6,1
24,Female,Low,Religious,7,1260.35,Website,Yes,3.7,2
68,Other,Medium,Cultural,13,2940.33,App,No,3.4,0
39,Male,Low,Religious,7,905.56,Website,No,2.9,2
45,Male,Low,Leisure,10,1849.77,Agent,Yes,3.4,2
19,Female,Medium,Leisure,8,2966.36,App,Yes,3.7,1
59,Female,High,Religious,15,4047.84,App,No,3.1,0
62,Male,Medium,Adventure,15,3248.57,App,No,2.6,0
23,Female,Low,Cultural,8,1608.77,Agent,No,3.8,1
45,Male,Low,Adventure,10,1946.62,Agent,Yes,3.7,1
45,Other,Medium,Religious,9,2615.75,App,Yes,3.9,1
61,Female,Medium,Leisure,10,3029.17,Website,Yes,4.5,1
61,Male,High,Cultural,15,3870.96,Agent,No,2.9,0
37,Female,Medium,Adventure,14,3152.09,App,Yes,3.5,0
47,Male,Medium,Adventure,13,3200.75,App,Yes,3.9,3
28,Male,Low,Religious,5,894.49,Agent,Yes,4.1,1
45,Female,Medium,Cultural,9,2310.95,Website,Yes,4.2,1
42,Other,Low,Leisure,7,1200.22,App,No,3.1,2
56,Male,High,Religious,12,3209.71,Website,Yes,4.0,3
50,Male,Medium,Cultural,12,2356.06,Website,No,3.3,0
18,Male,Medium,Adventure,11,2852.06,Agent,No,3.4,0
44,Other,Low,Religious,7,1299.05,App,Yes,3.3,2
69,Other,Low,Adventure,13,2762.16,App,No,3.2,0
30,Female,Medium,Adventure,12,2704.61,Website,No,2.8,0
58,Other,Low,Religious,8,1460.55,Agent,No,3.1,2
20,Female,Medium,Religious,8,1964.03,Agent,Yes,3.7,1
56,Female,Low,Religious,6,1677.73,Agent,Yes,5.0,1
23,Other,Medium,Religious,8,1698.8,Website,Yes,3.8,1
25,Female,High,Religious,10,3223.45,Website,No,3.0,0
44,Other,Medium,Adventure,15,3152.93,App,No,3.1,0
26,Female,Medium,Leisure,11,2287.35,Agent,No,3.4,0
54,Other,Low,Leisure,6,1058.7,Website,Yes,4.3,1
50,Other,Low,Religious,6,1122.86,Agent,Yes,3.5,2
68,Female,Medium,Adventure,15,3500.54,Website,Yes,3.2,0
59,Male,Medium,Leisure,11,2551.87,App,Yes,4.2,1
61,Female,Medium,Leisure,11,2435.34,Agent,No,2.7,0
41,Other,Low,Leisure,14,1416.23,Website,Yes,3.2,0
32,Male,Low,Adventure,13,2625.83,Agent,Yes,3.6,0
49,Female,Low,Religious,9,1046.62,Website,Yes,3.4,2
49,Female,High,Religious,12,3762.07,Website,Yes,4.4,3
41,Female,Low,Religious,8,1504.07,Website,Yes,3.4,2
58,Male,Medium,Cultural,11,2672.34,Agent,Yes,3.8,1
69,Other,Low,Cultural,12,2220.98,Website,Yes,3.7,0
66,Female,Medium,Cultural,11,3149.51,App,Yes,4.1,3
66,Female,Medium,Adventure,14,3239.72,Agent,Yes,3.9,3
69,Female,High,Leisure,11,3383.81,App,No,3.7,3
29,Female,High,Leisure,11,3297.59,App,Yes,4.5,3
56,Female,Medium,Adventure,17,3236.27,Agent,No,3.3,0
19,Other,High,Adventure,11,3166.94,Website,No,3.6,0
20,Other,High,Religious,10,3659.98,App,Yes,3.7,3
66,Female,High,Religious,8,3112.34,Agent,No,3.9,1
54,Male,High,Cultural,13,4235.12,Website,Yes,4.4,3
66,Other,Low,Cultural,12,1690.76,Agent,No,3.2,0
34,Male,Medium,Adventure,13,2682.54,Agent,No,2.9,0
66,Other,Low,Cultural,9,1820.94,Agent,No,2.9,2
19,Female,Low,Leisure,6,1336.89,Website,Yes,3.6,2
19,Other,High,Adventure,15,4671.22,App,Yes,4.4,3
45,Female,Medium,Adventure,12,3467.16,App,Yes,4.5,3
40,Other,Medium,Leisure,10,1670.7,Agent,No,2.9,2
54,Female,High,Religious,10,3478.41,Agent,No,4.1,3
49,Female,High,Religious,9,3600.12,Website,Yes,4.5,1
50,Female,High,Leisure,14,3716.37,Agent,Yes,3.9,3
18,Female,Low,Leisure,8,1028.15,Agent,No,2.8,2
36,Male,Low,Cultural,7,1719.58,Agent,Yes,4.2,1
19,Female,Medium,Adventure,13,2816.03,App,No,3.3,0
61,Male,Low,Cultural,10,1736.53,Agent,No,3.9,1
43,Male,Low,Leisure,9,2265.79,App,Yes,3.6,1
49,Female,Medium,Cultural,10,2550.91,Website,No,3.6,1
23,Male,Medium,Leisure,9,1842.71,Website,Yes,3.5,2
49,Other,Medium,Cultural,12,3233.0,App,Yes,3.7,3
21,Female,Medium,Cultural,12,2905.06,App,No,3.3,0
28,Male,Medium,Religious,6,1947.42,App,No,3.7,1
34,Female,Low,Leisure,7,1998.67,App,Yes,5.0,1
55,Female,Low,Cultural,10,2610.06,Agent,Yes,3.9,1
41,Female,Medium,Adventure,12,3613.49,App,Yes,3.7,3
22,Male,Medium,Cultural,13,3046.17,App,Yes,4.0,3
69,Other,Medium,Cultural,13,3519.9,App,Yes,3.2,0
51,Other,Low,Adventure,10,2329.84,Agent,Yes,3.8,1
23,Male,High,Leisure,12,3773.55,Agent,Yes,4.2,3
39,Female,Medium,Religious,12,2390.95,Agent,Yes,4.1,1
28,Male,Medium,Religious,10,2640.4,Website,Yes,4.4,1
65,Male,Medium,Religious,7,1680.85,Agent,No,3.1,2
33,Male,High,Adventure,14,4646.09,App,No,3.6,3
50,Female,Medium,Cultural,14,3171.34,Agent,Yes,3.5,0
26,Male,Medium,Leisure,8,1921.58,Agent,Yes,3.4,2
23,Female,High,Cultural,13,4286.67,App,Yes,4.4,3
33,Male,Medium,Religious,9,1656.37,Agent,Yes,3.2,2
46,Other,Medium,Cultural,10,2799.03,Website,Yes,3.9,1
20,Male,Medium,Adventure,13,2976.95,Agent,No,2.8,0
37,Male,Medium,Adventure,8,2168.67,Website,No,3.6,1
53,Other,Low,Leisure,7,1103.44,Website,No,3.7,2
36,Female,Medium,Leisure,9,2887.62,Website,Yes,3.7,1
43,Female,High,Religious,8,3074.65,App,No,3.1,2
20,Male,High,Leisure,13,3093.7,Agent,No,3.2,0
36,Other,Medium,Cultural,9,2945.88,Website,Yes,4.2,1
37,Female,Medium,Adventure,13,3635.15,Website,Yes,4.1,3
49,Male,Low,Adventure,12,2397.48,Agent,Yes,3.6,0
24,Other,High,Adventure,17,5024.82,App,Yes,4.0,3
69,Female,High,Leisure,10,4028.82,App,No,4.0,3
58,Female,Medium,Adventure,16,3108.63,Website,Yes,4.1,3
50,Other,High,Adventure,15,4585.78,App,Yes,3.4,3
57,Other,Medium,Adventure,12,3605.64,Agent,Yes,4.0,3
56,Other,Medium,Religious,10,3116.88,App,Yes,4.2,1
35,Other,Low,Religious,7,1145.24,Agent,No,2.6,2
57,Male,Medium,Leisure,9,2142.43,Website,Yes,4.6,1
18,Other,Medium,Adventure,13,3297.49,Agent,No,3.1,0
28,Female,Medium,Leisure,8,2042.08,Website,Yes,3.9,1
45,Female,Medium,Adventure,14,3195.83,Agent,Yes,4.1,3
42,Male,High,Adventure,16,4704.08,Agent,Yes,3.9,3
67,Female,Low,Adventure,15,2882.62,App,No,2.4,0
40,Female,Medium,Leisure,8,2667.57,Agent,Yes,4.1,1
48,Other,Medium,Leisure,13,2725.84,Website,Yes,4.2,3
47,Female,Medium,Adventure,11,3265.36,Agent,Yes,4.0,3
59,Male,Medium,Cultural,12,2809.43,Website,Yes,3.5,0
52,Other,Low,Leisure,9,1348.82,Website,No,3.3,2
24,Other,Low,Religious,7,562.51,Agent,Yes,3.2,2
33,Male,Medium,Leisure,8,2437.39,App,Yes,3.9,1
43,Other,Medium,Adventure,13,3298.77,Agent,Yes,4.0,3
65,Other,Low,Cultural,10,1311.07,Agent,No,3.2,2
69,Male,Medium,Adventure,13,3622.27,App,Yes,5.0,3
66,Other,Medium,Religious,10,1900.03,Website,No,3.4,2
19,Male,Medium,Leisure,9,2493.02,Agent,No,3.9,1
18,Male,High,Leisure,9,4183.28,App,Yes,4.5,3
65,Female,Low,Adventure,14,2606.63,App,Yes,3.3,0
29,Female,Low,Adventure,12,2101.12,Website,Yes,3.7,0
22,Other,Medium,Religious,9,1959.19,App,No,3.2,2
54,Other,Medium,Cultural,13,2695.88,Website,Yes,3.3,0
49,Male,Medium,Religious,7,2304.88,Agent,Yes,4.2,1
26,Other,High,Cultural,12,3503.89,App,No,3.6,3
58,Male,High,Leisure,13,3662.19,Agent,Yes,4.2,3
52,Male,High,Cultural,14,4568.19,App,Yes,4.4,3
36,Other,Medium,Cultural,11,3110.24,App,Yes,4.2,3
65,Male,Medium,Leisure,10,2415.08,Agent,Yes,3.7,1
33,Female,Medium,Leisure,11,2974.98,App,Yes,3.8,0
20,Other,Low,Leisure,6,1201.9,Agent,Yes,3.3,2
37,Female,Medium,Religious,9,1982.33,Agent,No,3.9,1
41,Other,Low,Leisure,8,1712.48,Website,Yes,3.8,1
50,Male,High,Adventure,15,4171.29,Agent,No,3.3,3
41,Other,Medium,Leisure,11,2182.8,Website,No,2.8,0
69,Female,Medium,Leisure,11,2581.45,Agent,Yes,5.0,1
28,Male,Medium,Leisure,10,2162.44,App,No,2.8,2
66,Other,Low,Cultural,13,2179.62,Agent,Yes,3.4,0
25,Other,Low,Religious,6,792.4,App,No,3.0,2
53,Other,Medium,Leisure,11,2053.34,Website,No,3.3,0
55,Female,Low,Religious,7,1161.79,App,Yes,4.0,1
57,Female,Medium,Adventure,14,3209.03,Agent,Yes,4.6,3
37,Other,High,Adventure,15,4580.91,App,Yes,4.3,3
52,Male,High,Leisure,11,3624.52,Website,Yes,3.8,3
65,Male,Medium,Adventure,15,3533.93,App,Yes,3.8,3
42,Female,Low,Religious,6,1482.85,App,Yes,4.0,1
52,Male,High,Cultural,16,4095.21,Agent,No,4.2,3
42,Female,High,Leisure,9,3943.73,Agent,Yes,4.1,3
46,Other,Low,Adventure,10,1816.45,App,No,3.5,2
35,Female,Medium,Religious,10,1445.42,Website,No,3.0,2
63,Female,Low,Religious,9,1473.76,App,Yes,3.9,1
35,Other,High,Adventure,16,3870.22,Website,No,3.3,3
19,Male,High,Religious,10,3220.8,Website,Yes,3.9,1
52,Female,Low,Religious,7,1080.38,Website,Yes,3.9,1
33,Female,High,Leisure,9,2997.54,App,No,3.9,1
58,Other,Medium,Religious,9,2124.54,Website,Yes,4.3,1
53,Male,High,Adventure,14,4740.8,App,Yes,4.3,3
50,Female,Medium,Leisure,11,2269.89,Website,No,2.9,0
21,Other,High,Adventure,14,3659.15,Website,No,2.7,0
50,Female,Low,Cultural,9,1547.48,App,No,3.4,2
31,Other,Medium,Adventure,13,2488.37,Agent,No,3.3,0
38,Male,Low,Adventure,12,2331.94,Agent,Yes,3.3,0
65,Male,High,Leisure,11,3811.85,App,Yes,4.1,3
37,Male,High,Religious,9,3428.31,App,No,3.6,1
25,Male,High,Adventure,15,3920.62,Agent,Yes,3.4,3
24,Female,High,Leisure,11,3603.49,Agent,Yes,3.9,3
20,Female,Low,Cultural,9,1861.71,Agent,Yes,3.3,2
34,Male,Medium,Leisure,9,2246.53,App,No,3.2,2
50,Male,Low,Leisure,9,2379.29,Website,Yes,3.7,1
65,Male,Low,Religious,5,1261.32,App,No,2.7,2
29,Female,Low,Adventure,9,1815.16,Agent,Yes,4.6,1
68,Male,Medium,Cultural,11,2752.74,Website,Yes,4.4,1
39,Male,Low,Leisure,8,1223.5,App,Yes,3.2,2
39,Male,Low,Adventure,12,2322.2,Agent,Yes,3.8,0
63,Other,Low,Adventure,15,2146.46,App,No,3.1,0
47,Male,Low,Leisure,9,1830.99,Website,Yes,4.2,1
55,Other,High,Adventure,15,4441.51,Agent,Yes,3.8,3
55,Other,Medium,Leisure,10,2721.35,App,Yes,4.4,1
62,Male,High,Leisure,10,3500.71,Website,Yes,4.1,3
68,Other,Medium,Leisure,10,3043.03,Website,Yes,3.6,0
25,Male,Low,Cultural,9,1850.0,App,Yes,4.0,1
44,Female,Medium,Leisure,10,2551.14,Website,No,3.9,1
44,Female,Medium,Religious,7,2065.62,Agent,No,4.5,1
51,Female,Low,Adventure,13,2461.0,Website,Yes,3.2,0
38,Female,Low,Cultural,12,2302.0,App,Yes,4.0,1
47,Other,Low,Adventure,12,2504.52,Agent,Yes,3.6,0
50,Male,Low,Cultural,11,1313.07,Website,Yes,3.7,2
45,Male,Medium,Religious,10,1772.71,Website,No,2.5,2
64,Male,Medium,Cultural,12,2824.92,Agent,No,2.8,0
50,Female,Low,Cultural,11,2026.71,Agent,Yes,3.4,0
22,Female,Low,Cultural,9,809.82,Website,No,2.8,2
65,Male,High,Adventure,16,4700.65,Agent,Yes,3.8,3
36,Female,Low,Leisure,7,2192.61,App,Yes,4.4,1
21,Male,Medium,Adventure,13,3340.44,Website,Yes,4.4,3
52,Male,High,Leisure,12,4042.78,App,Yes,4.5,3
66,Male,Low,Adventure,15,2396.81,Website,No,3.6,0
34,Male,Low,Religious,8,1471.42,App,Yes,3.8,1
61,Male,Medium,Religious,12,2245.21,App,Yes,3.2,0
45,Male,Medium,Cultural,10,2079.04,Agent,No,3.7,1
47,Male,Medium,Religious,10,2335.24,Website,No,3.0,0
46,Female,High,Cultural,13,3659.18,Agent,No,3.8,3
63,Male,Low,Leisure,12,1493.36,Agent,No,3.5,0
23,Male,Medium,Religious,7,1876.42,Website,Yes,4.2,1
52,Female,Medium,Leisure,8,2792.62,App,No,3.1,2
58,Female,Low,Adventure,12,2379.16,Website,No,2.8,0
54,Female,Medium,Leisure,7,2537.01,Website,No,4.3,1
41,Male,Low,Adventure,11,1698.66,Website,No,2.9,2
46,Other,Medium,Leisure,8,2530.06,Agent,Yes,4.2,1
66,Other,Low,Leisure,9,796.38,Website,No,3.0,2
63,Female,Medium,Religious,10,2789.46,Website,Yes,4.3,1
48,Other,Medium,Leisure,12,2191.04,Website,Yes,3.8,0
52,Female,High,Religious,12,3976.41,App,Yes,4.1,3
50,Male,Low,Religious,6,812.19,App,No,2.8,2
69,Other,Medium,Cultural,11,2909.72,App,Yes,4.3,1
38,Male,Medium,Cultural,12,2740.2,App,Yes,4.1,3
49,Other,Medium,Adventure,12,3014.01,Agent,Yes,3.8,3
40,Male,Medium,Leisure,12,2089.64,Agent,No,3.5,0
50,Other,Medium,Adventure,15,3066.9,Website,Yes,3.7,3
20,Male,Medium,Leisure,8,2161.38,Agent,No,3.1,2
35,Male,High,Cultural,10,3324.92,App,No,3.3,0
42,Other,Medium,Cultural,13,2837.54,Website,Yes,3.4,0
59,Male,Medium,Leisure,10,2841.76,Website,Yes,3.9,1
48,Male,High,Leisure,13,3547.42,App,No,3.9,3
20,Male,High,Cultural,10,3366.0,App,No,3.3,0
57,Other,High,Cultural,12,3817.22,App,No,3.7,3
63,Other,Medium,Adventure,14,3740.29,Agent,Yes,3.7,3
41,Male,Low,Cultural,10,1444.61,Website,No,2.8,2
67,Male,Medium,Leisure,10,2657.01,App,Yes,3.4,0
49,Other,Medium,Adventure,15,3371.54,Website,Yes,3.7,3
64,Other,Medium,Leisure,9,1710.69,Website,No,3.0,2
39,Male,Medium,Religious,8,2460.78,Agent,Yes,4.4,1
40,Male,High,Adventure,15,4103.96,Website,No,3.5,3
19,Male,Medium,Leisure,10,2484.03,App,Yes,3.4,0
44,Female,High,Cultural,14,3689.8,App,No,3.8,3
59,Other,Medium,Religious,7,1880.37,Website,Yes,4.1,1
19,Female,Medium,Leisure,6,2196.82,Website,Yes,4.4,1
43,Other,Medium,Adventure,15,3315.07,Agent,No,3.2,0
34,Other,Medium,Leisure,10,2460.18,App,Yes,3.7,1
57,Other,Low,Religious,6,1713.89,App,Yes,4.1,1
50,Other,Low,Adventure,15,1405.27,Website,No,2.9,0
26,Other,High,Religious,10,3185.99,Website,Yes,3.5,0
60,Other,Low,Leisure,10,1272.06,Website,No,2.6,2
65,Other,Medium,Cultural,12,2853.47,App,Yes,3.8,0
56,Female,Medium,Cultural,15,2680.42,Website,Yes,3.8,0
46,Male,Medium,Leisure,12,2081.04,Agent,No,3.5,0
59,Male,Medium,Leisure,10,2314.03,Agent,No,2.9,2
43,Female,Low,Leisure,9,1480.18,Website,Yes,3.4,2
52,Female,Medium,Adventure,15,2719.91,Agent,Yes,3.5,0
67,Female,Medium,Religious,11,1540.17,Agent,No,2.6,2
42,Female,Medium,Religious,7,2029.32,Agent,Yes,3.9,1
41,Other,Low,Religious,8,1603.68,Agent,Yes,4.0,1
30,Male,Medium,Leisure,11,1717.12,Agent,Yes,3.2,2
24,Other,Low,Religious,4,1141.46,App,Yes,4.2,1
53,Male,Low,Leisure,7,1308.5,Website,Yes,3.0,2
62,Male,Low,Adventure,9,2697.88,Agent,Yes,3.9,1
37,Female,Low,Cultural,9,1590.87,Website,Yes,3.5,2
18,Other,High,Leisure,11,3796.27,Agent,Yes,5.0,3
25,Female,Low,Leisure,10,1848.75,App,Yes,3.6,1
63,Other,High,Cultural,14,3397.21,App,No,2.4,0
33,Male,High,Cultural,15,4426.84,Agent,Yes,3.3,3
31,Female,Medium,Adventure,11,2711.0,Agent,No,3.3,0
29,Female,Low,Religious,4,918.86,Agent,No,3.5,2
68,Male,Medium,Leisure,10,3999.25,App,Yes,4.6,3
40,Male,Medium,Religious,9,1446.14,App,No,3.1,2
32,Male,Medium,Leisure,9,2798.79,Website,Yes,4.6,1
45,Female,Low,Adventure,9,1860.14,App,No,2.9,2
51,Other,Medium,Cultural,12,2592.57,Agent,No,3.6,0
19,Female,High,Adventure,12,4082.72,Website,Yes,3.6,3
49,Other,Medium,Cultural,13,2579.11,App,No,2.8,0
40,Female,Low,Religious,7,1380.43,App,Yes,3.0,2
39,Female,Medium,Religious,7,2295.23,Agent,Yes,4.1,1
68,Male,Low,Adventure,12,1486.22,Website,No,2.8,2
42,Other,Low,Cultural,8,2196.55,App,Yes,4.1,1
39,Female,High,Adventure,15,4551.52,App,Yes,4.2,3
39,Female,Low,Cultural,11,1647.36,Agent,Yes,3.2,2
66,Male,Low,Cultural,9,1316.37,Website,No,2.9,2
69,Male,Low,Religious,9,1893.52,Website,Yes,3.2,2
59,Other,High,Religious,10,2965.78,Website,No,4.0,1
23,Female,Medium,Cultural,10,2603.91,Website,Yes,3.8,1
32,Other,Medium,Cultural,11,2532.09,Agent,Yes,3.7,0
60,Female,Medium,Cultural,10,2808.75,App,No,4.1,1
54,Other,Low,Religious,6,1767.03,App,Yes,3.6,2
50,Male,Medium,Religious,7,2255.96,Website,No,3.1,2
25,Female,Medium,Leisure,12,2373.71,Website,Yes,3.3,0
61,Other,Low,Cultural,11,2146.97,Website,Yes,3.7,1
61,Male,Medium,Leisure,9,2755.8,App,Yes,4.3,1
22,Male,High,Cultural,13,4160.14,App,No,3.9,3
56,Other,Low,Religious,7,1115.73,Website,Yes,4.6,1
21,Female,Low,Leisure,7,1279.88,Agent,No,2.2,2
23,Female,Low,Leisure,8,1617.97,App,Yes,4.0,1
62,Male,Low,Adventure,14,2712.12,App,Yes,3.5,0
49,Female,High,Cultural,12,3973.9,Website,Yes,4.0,3
69,Female,Medium,Religious,8,2082.05,Agent,No,3.1,2
47,Female,Medium,Adventure,13,2661.51,Website,No,2.8,0
64,Male,Medium,Adventure,11,2725.79,Website,No,4.0,1
52,Other,Low,Cultural,8,2344.81,Agent,Yes,4.4,1
57,Female,Medium,Adventure,16,3772.01,Agent,Yes,3.9,3
69,Male,Medium,Cultural,15,3437.12,Agent,Yes,4.4,3
33,Male,Medium,Adventure,13,2789.71,App,No,2.6,0
30,Other,High,Cultural,13,3644.6,Website,Yes,3.5,3
67,Female,Medium,Religious,10,2952.97,App,Yes,3.2,0
59,Female,Medium,Cultural,17,3509.19,Agent,Yes,3.5,3
47,Other,High,Cultural,15,4858.18,App,Yes,4.3,3
36,Other,Low,Leisure,8,1410.18,Agent,Yes,3.7,2
34,Male,Low,Religious,5,782.51,Agent,No,3.0,2
36,Male,Low,Religious,4,559.53,Website,Yes,2.9,2
45,Other,Medium,Religious,9,1678.63,Website,No,3.4,2
43,Female,Medium,Adventure,12,2915.35,Website,No,3.4,0
54,Male,Medium,Leisure,8,2491.43,App,Yes,4.5,1
43,Male,High,Religious,9,3578.52,Website,Yes,3.7,1
40,Female,Medium,Adventure,12,3094.23,Agent,Yes,4.1,3
26,Male,Medium,Adventure,15,2808.59,Website,No,2.6,0
29,Female,Low,Adventure,13,2162.07,App,Yes,3.5,0
18,Female,Low,Leisure,7,1316.94,Website,Yes,3.9,1
18,Female,Medium,Adventure,15,2174.04,Website,Yes,3.6,0
64,Other,Medium,Leisure,10,2445.31,Website,Yes,3.6,1
51,Other,High,Cultural,12,3767.23,App,Yes,4.2,3
49,Other,Low,Adventure,14,2878.17,Agent,Yes,3.1,0
65,Female,Low,Religious,8,1419.6,Agent,No,3.5,2
42,Female,Medium,Adventure,12,2901.38,Agent,No,3.2,0
57,Other,Low,Cultural,10,2322.68,Website,Yes,4.3,1
62,Male,Low,Cultural,9,1546.7,Website,Yes,3.4,2
18,Female,Medium,Adventure,11,3255.59,App,No,3.3,0
33,Male,Low,Cultural,11,2236.03,Agent,Yes,3.4,0
56,Male,Medium,Leisure,13,2170.41,Website,No,3.4,0
22,Female,Low,Leisure,5,1532.06,Website,Yes,3.9,1
39,Female,Low,Adventure,13,1524.49,Website,No,3.1,0
46,Male,Medium,Leisure,9,2404.02,App,Yes,3.8,1
20,Male,High,Leisure,10,3448.8,Agent,Yes,3.5,0
29,Other,Medium,Religious,7,1737.68,App,No,3.1,2
43,Other,Medium,Adventure,12,2849.41,Agent,Yes,3.4,0
33,Female,Low,Cultural,10,2263.3,Agent,Yes,3.9,1
68,Other,Medium,Adventure,13,3123.72,Website,Yes,3.4,0
54,Other,Low,Leisure,9,1297.13,Website,No,3.3,2
39,Other,Medium,Religious,8,1935.27,Website,Yes,3.9,1
46,Other,Medium,Adventure,13,2145.2,Website,No,2.9,0
31,Male,High,Adventure,13,4297.39,Website,Yes,4.5,3
45,Female,Medium,Leisure,9,1922.7,Agent,Yes,4.2,1
22,Other,Low,Leisure,8,950.79,Website,No,2.8,2
64,Male,Low,Adventure,13,1970.88,Website,Yes,3.2,0
66,Male,High,Leisure,10,4607.56,App,Yes,4.0,3
47,Male,Medium,Leisure,10,2989.79,App,Yes,3.8,1
63,Other,Medium,Leisure,11,2738.1,Agent,Yes,3.7,0
69,Other,Low,Leisure,6,1615.49,Agent,No,3.4,2
22,Female,Medium,Leisure,10,2337.48,App,Yes,3.7,1
29,Other,Low,Religious,6,1599.42,App,Yes,4.3,1
33,Other,High,Leisure,12,3726.32,Website,Yes,3.9,3
43,Male,Medium,Cultural,10,2675.58,Website,Yes,4.0,1
43,Female,High,Adventure,12,4748.08,Agent,Yes,4.9,3
65,Other,Low,Religious,5,1376.12,App,No,3.6,2
38,Other,Medium,Religious,8,1937.99,Agent,No,3.3,2
56,Male,Medium,Leisure,10,1964.91,Website,Yes,3.5,2
53,Male,Medium,Adventure,12,2928.36,Agent,Yes,3.7,0
50,Other,High,Cultural,14,3784.56,Agent,No,3.1,0
47,Female,High,Leisure,9,3734.39,Agent,Yes,4.3,3
54,Female,High,Adventure,15,4112.32,Website,Yes,4.3,3
40,Male,Medium,Leisure,8,2734.88,Agent,No,3.6,1
27,Male,Low,Leisure,7,1791.29,Website,Yes,3.4,2
22,Other,Low,Leisure,7,1792.01,App,Yes,4.7,1
53,Male,High,Leisure,10,3417.99,Agent,No,3.8,3
51,Other,Low,Leisure,8,1202.71,Agent,No,2.4,2
69,Female,Medium,Leisure,12,2360.8,Website,Yes,3.5,0
48,Female,Medium,Leisure,9,2534.62,Agent,Yes,4.1,1
27,Other,Medium,Cultural,12,2713.7,Website,Yes,4.5,3
36,Male,High,Religious,8,2668.85,Agent,No,3.2,2
49,Female,Medium,Cultural,12,3146.63,App,Yes,4.4,3
18,Male,Medium,Leisure,11,2584.8,App,Yes,4.4,1
22,Female,Low,Leisure,4,459.03,App,No,2.6,2
62,Other,Medium,Cultural,11,2643.26,Agent,Yes,3.8,1
21,Other,Low,Cultural,10,1712.29,Agent,Yes,3.2,2
33,Other,Medium,Religious,8,2942.68,App,Yes,4.3,1
41,Female,High,Cultural,13,4433.34,App,Yes,4.3,3
33,Male,High,Religious,9,2935.73,Website,Yes,4.5,1
19,Male,Low,Leisure,7,1042.19,Website,No,3.4,2
66,Male,Medium,Adventure,14,2687.19,App,No,2.8,0
45,Female,High,Adventure,17,5151.18,App,Yes,3.3,3
49,Female,Low,Adventure,13,2315.04,Agent,Yes,3.6,0
44,Female,Low,Adventure,13,2553.29,App,Yes,3.8,0
37,Female,Low,Leisure,7,1784.12,Website,Yes,4.0,1
41,Female,Medium,Adventure,13,2680.23,Website,Yes,3.6,0
29,Male,Low,Cultural,9,847.24,Website,No,2.8,2
67,Female,High,Cultural,14,3981.3,Website,Yes,4.7,3
52,Female,Medium,Adventure,13,3432.89,Website,Yes,4.1,3
50,Male,Medium,Cultural,12,2295.57,Website,Yes,3.6,0
50,Female,Low,Religious,10,931.73,App,Yes,3.1,2
68,Male,Medium,Leisure,12,2506.03,Website,Yes,3.7,0
60,Male,Medium,Adventure,13,3326.9,Website,Yes,4.6,3
54,Other,Medium,Adventure,16,3671.45,Website,Yes,3.8,3
29,Other,Medium,Leisure,8,1667.43,Website,No,3.2,2
20,Other,Medium,Cultural,8,2537.95,App,Yes,4.0,1
18,Other,High,Leisure,9,3907.55,Agent,Yes,5.0,3
50,Female,High,Leisure,8,3100.45,Agent,Yes,5.0,1
57,Other,Medium,Cultural,11,2359.82,Agent,No,3.4,0
27,Male,Low,Leisure,8,1603.5,Agent,Yes,3.8,1
60,Female,Low,Cultural,13,2196.14,Website,Yes,3.6,0
61,Other,Low,Cultural,11,1943.43,Agent,Yes,2.7,2
46,Male,Medium,Leisure,9,2111.71,Agent,No,3.6,1
30,Female,Medium,Religious,9,1674.88,App,Yes,3.7,1
29,Female,Medium,Cultural,8,2508.9,App,Yes,4.3,1
48,Other,High,Leisure,11,4117.43,App,Yes,4.1,3
63,Female,High,Cultural,15,3901.69,Website,Yes,3.8,3
19,Male,High,Religious,7,3164.07,Website,Yes,4.5,1
68,Female,Medium,Religious,11,2565.44,Website,Yes,4.3,1
67,Male,Medium,Adventure,15,3113.61,App,No,3.0,0
52,Female,Low,Cultural,10,1642.52,Agent,No,3.8,1
40,Other,Low,Cultural,11,1852.56,App,Yes,3.8,1
34,Male,Low,Leisure,11,1549.39,Website,Yes,3.0,2
43,Female,Medium,Cultural,12,3199.44,App,Yes,3.9,3
25,Female,Medium,Adventure,13,3183.47,Agent,Yes,3.6,0
46,Female,High,Religious,9,2825.42,Website,No,2.7,2
43,Male,Low,Religious,6,1023.64,Agent,No,3.7,2
27,Male,Medium,Adventure,14,3420.76,Agent,Yes,4.2,3
43,Male,Medium,Cultural,10,1981.39,Website,Yes,3.9,1
51,Other,Low,Cultural,10,2334.1,Agent,Yes,3.9,1
68,Other,Medium,Adventure,14,3060.5,App,No,2.7,0
58,Male,Low,Leisure,9,1489.02,Agent,No,2.8,2
24,Female,Medium,Religious,8,2140.55,Agent,No,3.7,1
21,Other,Medium,Adventure,14,2364.87,Agent,No,2.6,0
67,Male,Low,Adventure,12,2423.54,App,Yes,2.7,0
62,Female,Low,Cultural,10,1554.81,Agent,No,2.9,2
28,Other,Medium,Religious,7,1506.25,Agent,No,3.1,2
46,Female,High,Cultural,12,4751.86,App,Yes,4.5,3
53,Female,Medium,Adventure,14,2929.34,Website,Yes,4.1,3
42,Female,Medium,Leisure,11,1884.71,Website,No,3.3,0
38,Female,Medium,Religious,7,2102.69,Website,Yes,4.2,1
53,Other,High,Adventure,17,3955.73,Agent,No,3.7,3
27,Other,High,Adventure,17,3917.67,Website,No,2.6,0
54,Other,Medium,Leisure,10,2446.61,App,No,3.5,0
26,Male,Medium,Adventure,16,2821.52,Agent,No,3.3,0
41,Other,High,Adventure,14,4448.36,Agent,Yes,3.7,3
52,Female,Medium,Religious,7,1702.58,Agent,No,2.7,2
66,Other,Medium,Religious,7,1727.04,Website,Yes,3.6,2
52,Female,Low,Religious,9,1527.85,Website,Yes,3.4,2
65,Male,High,Cultural,15,4732.86,Website,Yes,4.5,3
53,Female,High,Leisure,11,3861.9,Agent,Yes,4.1,3
35,Female,Low,Religious,7,1593.96,App,Yes,3.5,2
66,Female,Medium,Cultural,10,2669.19,Agent,No,3.1,0
56,Male,Medium,Cultural,16,2940.58,App,Yes,4.1,3
49,Other,Low,Leisure,8,2167.13,Agent,Yes,4.0,1
41,Other,High,Leisure,11,4007.07,App,Yes,4.3,3
40,Male,Low,Adventure,13,2900.93,Agent,Yes,3.8,0
49,Female,Low,Cultural,11,1416.47,Agent,No,3.4,2
54,Other,Medium,Religious,9,3086.79,App,Yes,4.0,1
29,Male,Medium,Leisure,8,2338.92,App,No,4.0,1
66,Other,Low,Cultural,11,2037.29,App,No,3.2,0
30,Male,Medium,Religious,11,2611.58,App,Yes,3.8,1
40,Female,Medium,Cultural,13,2586.82,App,No,4.1,3
42,Other,Low,Leisure,10,2251.54,App,Yes,3.4,0
52,Male,Low,Adventure,11,2543.48,App,Yes,3.7,0
58,Other,Medium,Cultural,10,1981.26,App,No,2.6,2
47,Other,Low,Religious,7,701.22,Agent,No,3.1,2
34,Other,High,Leisure,11,3855.62,App,Yes,5.0,3
66,Other,High,Adventure,17,5024.38,App,Yes,4.8,3
37,Male,High,Religious,7,3369.4,Agent,Yes,5.0,1
65,Female,Low,Religious,10,2072.07,Agent,Yes,3.7,1
42,Male,High,Religious,10,2456.05,Website,No,3.2,0
39,Male,Medium,Cultural,11,2679.45,Website,Yes,3.2,0
30,Male,Medium,Leisure,8,1965.98,App,Yes,4.7,1
36,Female,Low,Religious,4,1179.29,App,No,3.7,2
66,Other,Low,Cultural,12,2003.04,Website,Yes,3.4,0
53,Other,Medium,Leisure,10,2572.26,Website,Yes,4.5,1
29,Other,Medium,Leisure,7,1787.21,App,No,3.0,2
58,Female,Low,Cultural,8,1735.22,Website,No,3.4,2
36,Other,Medium,Cultural,11,2833.89,App,No,3.3,0
29,Female,Low,Religious,9,1641.44,Agent,Yes,3.9,1
26,Other,Medium,Leisure,9,1962.52,Agent,No,3.2,2
24,Other,Medium,Adventure,11,3035.33,Website,Yes,3.4,0
45,Male,High,Cultural,13,3924.31,Agent,Yes,4.2,3
31,Female,High,Leisure,10,3543.04,Agent,No,4.1,3
48,Male,Medium,Leisure,6,2826.22,Agent,Yes,4.7,1
69,Male,Medium,Religious,9,2387.56,Agent,No,3.7,1
36,Male,Medium,Adventure,13,3122.5,App,Yes,3.5,0
64,Female,High,Religious,12,4079.8,App,Yes,4.3,3
33,Female,Medium,Adventure,16,2418.43,Website,No,2.7,0
22,Other,Low,Adventure,13,2493.09,Agent,Yes,4.0,0
52,Male,Low,Cultural,10,1726.56,Agent,No,3.0,2
29,Other,Medium,Leisure,7,1735.43,Agent,Yes,4.2,1
42,Male,Medium,Leisure,13,1822.84,Website,No,3.3,0
69,Female,High,Leisure,12,4061.43,App,Yes,4.5,3
38,Female,Low,Adventure,12,2251.12,Agent,Yes,3.8,0
53,Female,Medium,Leisure,10,2383.53,App,Yes,3.5,0
40,Male,High,Cultural,13,3678.07,Website,No,3.4,0
33,Female,High,Adventure,14,4261.82,App,No,3.3,3
56,Male,Medium,Adventure,13,2833.1,Agent,No,3.1,0
62,Other,Medium,Adventure,13,3244.64,App,Yes,3.8,3
59,Male,Medium,Adventure,14,3830.99,App,Yes,3.6,3
56,Other,High,Cultural,13,4538.0,Website,Yes,3.5,3
31,Male,Low,Leisure,7,1211.31,Website,Yes,3.4,2
48,Other,High,Cultural,13,3817.73,Website,Yes,4.2,3
22,Female,Medium,Leisure,8,1918.74,Website,No,2.7,2
52,Other,Medium,Cultural,14,2673.97,App,No,3.1,0
40,Female,Low,Religious,3,1269.56,App,Yes,5.0,1
46,Female,Medium,Religious,10,2483.27,Website,Yes,4.3,1
60,Other,Medium,Religious,11,1418.57,Website,No,3.5,2
28,Male,Low,Religious,3,1496.87,Agent,Yes,5.0,1
35,Male,Medium,Adventure,13,3208.18,Agent,Yes,4.4,3
64,Male,High,Adventure,15,4377.93,Website,Yes,3.8,3
29,Male,Medium,Cultural,9,2739.61,App,Yes,3.9,1
26,Male,Medium,Cultural,10,2100.11,Website,No,2.1,2
27,Female,Low,Religious,5,847.02,App,Yes,4.1,1
61,Male,Medium,Leisure,13,3414.86,App,Yes,4.6,3
34,Female,Low,Religious,8,1443.77,Agent,Yes,3.4,2
55,Female,Medium,Cultural,14,2629.28,Website,No,3.0,0
24,Female,High,Religious,10,3636.84,Website,Yes,4.1,3
63,Other,Medium,Cultural,10,2690.03,App,Yes,4.2,1
30,Other,Low,Religious,6,883.42,Website,No,3.4,2
57,Female,Medium,Leisure,11,2196.08,Agent,No,2.4,0
59,Other,Medium,Religious,7,2150.41,Agent,No,3.7,1
26,Male,Medium,Leisure,10,1273.21,Website,No,2.8,2
67,Male,High,Leisure,11,3746.65,Website,Yes,4.3,3
44,Female,High,Cultural,12,3890.53,Agent,Yes,4.4,3
19,Male,Medium,Leisure,10,2406.06,Website,Yes,3.8,1
22,Female,Medium,Adventure,14,3472.39,App,Yes,3.9,3
46,Female,Low,Adventure,12,1619.09,Website,No,2.8,0
54,Male,Low,Adventure,14,2077.72,App,No,3.3,0
55,Other,Medium,Cultural,10,2223.18,Website,No,3.4,0
36,Male,Medium,Adventure,14,2832.38,Website,Yes,3.8,0
25,Male,Medium,Cultural,12,2628.97,Agent,No,2.7,0
65,Female,Medium,Cultural,12,2615.61,App,No,3.1,0
62,Female,Low,Adventure,13,1649.28,Agent,Yes,3.8,0
18,Female,Medium,Leisure,7,1578.93,Website,No,3.2,2
39,Female,Low,Religious,8,1144.81,Agent,Yes,3.8,2
69,Other,Low,Cultural,10,1436.99,Website,Yes,4.2,1
34,Other,High,Adventure,14,3520.15,Website,No,3.7,3
24,Other,Low,Cultural,11,1394.2,Website,No,2.9,2
42,Female,Medium,Leisure,8,2969.97,App,Yes,4.2,1
62,Female,Low,Leisure,6,1845.33,App,Yes,3.1,2
21,Female,High,Adventure,12,3824.43,App,No,3.5,3
53,Other,Medium,Cultural,13,2713.15,Agent,No,3.0,0
23,Female,Low,Religious,4,448.65,Website,No,3.0,2
48,Male,Medium,Religious,11,2273.0,Agent,Yes,3.7,0
36,Male,Medium,Cultural,8,2245.07,Agent,Yes,3.9,1
61,Female,High,Cultural,16,3720.83,Website,Yes,3.1,0
56,Male,Low,Cultural,11,1954.4,Agent,Yes,3.3,0
44,Male,High,Adventure,15,4448.79,Website,Yes,4.3,3
27,Other,High,Leisure,10,3487.39,Website,Yes,5.0,3
43,Female,High,Religious,11,3381.59,Website,Yes,4.1,3
36,Female,Medium,Adventure,13,2757.65,Website,Yes,3.9,3
56,Other,Medium,Cultural,14,2833.85,Agent,No,3.5,0
20,Male,Medium,Cultural,11,2296.24,Agent,Yes,3.4,0
62,Male,Medium,Leisure,10,2874.18,Agent,Yes,4.2,1
30,Female,Medium,Cultural,11,2590.71,App,Yes,3.6,0
67,Male,Medium,Adventure,14,3180.65,Agent,Yes,4.2,3
45,Other,Medium,Adventure,14,2856.34,Agent,Yes,3.8,0
37,Other,Medium,Leisure,7,1935.96,App,No,3.5,2
45,Female,High,Adventure,13,4178.97,Website,No,3.3,3
25,Other,Low,Religious,8,1391.06,Website,Yes,3.9,1
58,Other,High,Adventure,16,4824.9,Website,Yes,5.0,3
56,Female,Medium,Adventure,14,3658.02,App,Yes,3.6,3
18,Other,High,Adventure,14,3630.28,Agent,No,3.2,0
20,Other,Medium,Religious,8,2062.14,Agent,Yes,4.0,1
30,Other,Medium,Cultural,10,2447.32,Agent,Yes,4.2,1
45,Male,High,Adventure,14,4495.55,Agent,No,3.4,3
66,Female,Low,Leisure,9,1192.34,App,No,1.8,2
42,Female,High,Religious,8,3339.49,Agent,No,4.5,1
50,Female,Medium,Leisure,10,2299.26,Website,No,3.6,1
55,Male,Medium,Adventure,11,3465.26,App,No,2.9,0
23,Male,Medium,Leisure,10,2473.47,App,Yes,3.7,1
61,Female,Medium,Adventure,15,3500.07,Website,Yes,4.5,3
62,Male,Medium,Religious,9,2565.87,Website,No,4.0,1
49,Female,Low,Leisure,10,1191.08,Agent,No,3.2,2
62,Male,Low,Leisure,11,890.86,Website,No,2.6,2
64,Other,Low,Adventure,14,2177.37,App,Yes,3.6,0
38,Other,High,Adventure,12,4705.19,App,Yes,4.4,3
33,Female,High,Cultural,11,3541.43,App,Yes,4.6,3
38,Male,Medium,Adventure,12,3029.68,Agent,Yes,3.6,0
28,Male,Medium,Adventure,13,3282.57,Agent,Yes,3.6,0
54,Other,Medium,Cultural,13,2486.93,Website,No,3.5,0
53,Other,Medium,Adventure,13,3404.01,Agent,Yes,4.0,3
52,Male,High,Adventure,16,4318.06,Agent,No,4.0,3
36,Male,High,Cultural,12,4165.04,App,No,3.4,3
37,Male,Medium,Religious,7,2050.68,App,Yes,4.1,1
35,Male,Medium,Religious,6,1763.28,Website,Yes,3.7,1
64,Male,Low,Adventure,11,1929.58,App,No,3.0,0
58,Male,High,Adventure,13,4350.43,Agent,No,3.1,3
66,Female,Low,Cultural,9,1721.5,Website,No,2.9,2
31,Male,Medium,Cultural,13,2451.74,Website,No,2.5,0
32,Other,Medium,Religious,7,2266.42,App,No,3.9,1
48,Female,Medium,Leisure,14,2607.96,App,Yes,4.0,3
18,Male,Low,Adventure,12,2491.54,App,No,2.5,0
20,Other,High,Leisure,11,3598.35,Website,No,4.1,3
33,Female,Low,Leisure,6,1427.06,App,No,4.3,1
40,Other,Medium,Cultural,12,3385.92,Agent,Yes,4.1,3
28,Male,Low,Adventure,11,1184.39,Website,No,2.5,2
29,Male,Medium,Adventure,13,3149.04,App,Yes,5.0,3
27,Male,Medium,Cultural,15,2345.79,Agent,No,2.4,0
49,Male,Medium,Leisure,10,2792.82,Agent,Yes,4.0,1
33,Female,Low,Cultural,11,1791.33,App,Yes,3.7,1
25,Female,Low,Religious,5,1433.62,Agent,Yes,4.6,1
55,Other,Medium,Adventure,14,3607.54,Website,Yes,4.1,3
29,Male,Medium,Religious,11,2444.94,Website,Yes,3.6,0
41,Other,High,Cultural,12,3741.5,Agent,No,3.2,0
45,Female,Low,Adventure,15,2110.01,Website,Yes,3.4,0
25,Male,Medium,Religious,9,2142.32,App,Yes,3.5,2
45,Male,Low,Religious,6,1741.26,Agent,Yes,4.1,1
53,Female,Low,Leisure,9,1820.18,Website,Yes,3.5,2
43,Female,Medium,Adventure,15,3484.67,App,Yes,3.3,0
25,Female,Medium,Religious,9,2271.0,App,Yes,4.4,1
67,Female,Low,Religious,5,658.63,Website,Yes,3.3,2
45,Female,Low,Leisure,7,855.12,Agent,No,2.3,2
45,Male,Low,Religious,7,2149.8,App,Yes,4.1,1
54,Female,High,Religious,10,3417.24,App,Yes,4.3,3
58,Male,High,Religious,11,3938.22,App,Yes,3.6,3
53,Male,Low,Leisure,9,1788.61,App,No,3.3,2
44,Female,Low,Religious,5,924.9,Agent,Yes,3.3,2
34,Female,High,Religious,10,3456.79,Website,Yes,5.0,3
26,Male,High,Adventure,15,4592.75,Website,Yes,4.3,3
50,Female,Medium,Adventure,15,3235.13,Website,Yes,3.6,3
37,Female,Low,Leisure,9,2666.9,App,Yes,3.8,1
30,Female,Low,Cultural,11,1440.8,Agent,Yes,3.4,2
45,Other,Medium,Adventure,14,3463.99,Website,Yes,4.2,3
65,Male,Medium,Leisure,10,2604.54,Agent,Yes,4.0,1
46,Other,Low,Religious,5,1392.95,Website,Yes,3.9,1
30,Female,Medium,Religious,9,2153.77,App,No,3.3,2
63,Other,Low,Leisure,9,1016.43,Website,No,2.6,2
52,Female,Medium,Religious,9,2600.08,App,Yes,3.9,1
23,Other,Medium,Religious,6,1249.01,App,No,2.3,2
35,Female,Low,Cultural,8,1417.35,Website,No,3.4,2
68,Other,Medium,Religious,11,2270.82,Agent,No,3.3,0
22,Other,Medium,Adventure,13,3462.97,App,Yes,3.7,3
64,Other,High,Religious,12,3738.81,Agent,No,4.3,3
42,Male,Medium,Leisure,9,2441.66,Website,Yes,4.0,1
19,Other,Low,Cultural,9,1960.8,App,Yes,3.4,2
27,Male,Medium,Religious,9,1992.06,Agent,Yes,4.2,1
47,Female,Low,Leisure,7,1522.71,App,Yes,4.0,1
67,Other,High,Adventure,16,4932.4,Website,Yes,4.3,3
62,Female,Medium,Religious,8,2952.28,App,Yes,4.2,1
22,Female,Medium,Cultural,10,2019.94,Website,No,3.3,2
50,Other,Low,Religious,7,1465.18,Agent,Yes,3.7,2
18,Male,Medium,Leisure,9,2239.99,App,Yes,4.1,1
35,Other,High,Cultural,12,4378.2,Agent,Yes,3.6,3
49,Female,High,Religious,12,3796.0,Website,Yes,4.0,3
64,Female,Low,Adventure,11,2843.74,Website,Yes,4.6,1
66,Other,Low,Cultural,10,1397.88,Agent,No,2.6,2
28,Male,High,Adventure,14,4297.97,Agent,Yes,3.9,3
38,Male,High,Leisure,13,3820.81,Website,Yes,3.9,3
43,Female,Low,Religious,7,1210.32,Agent,No,2.5,2
42,Female,Medium,Adventure,15,3126.68,Website,Yes,2.9,0
39,Male,Medium,Leisure,7,1684.49,Agent,No,3.2,2
44,Other,High,Religious,10,3715.8,Website,Yes,4.4,3
66,Female,Low,Leisure,10,1927.72,Website,Yes,3.7,1
30,Male,Low,Adventure,12,2176.49,App,Yes,3.6,0
50,Female,Medium,Leisure,11,2898.01,Website,Yes,4.0,1
51,Other,Low,Cultural,9,2127.44,Website,Yes,4.3,1
58,Male,Medium,Religious,11,2321.67,App,No,3.1,0
52,Female,Medium,Leisure,13,2545.26,App,No,2.9,0
18,Other,Medium,Adventure,12,2807.59,Agent,No,3.2,0
38,Female,Medium,Religious,8,1592.87,Agent,No,3.4,2
65,Other,Medium,Cultural,14,2955.39,Website,Yes,4.3,3
23,Other,Low,Religious,9,390.66,Agent,No,2.3,2
45,Male,Medium,Cultural,11,3079.31,Agent,Yes,4.1,3
34,Other,High,Religious,9,2472.93,Website,No,3.6,1
22,Female,Medium,Leisure,8,2922.4,App,Yes,4.0,1
48,Other,Low,Leisure,6,1182.34,App,No,3.1,2
22,Other,Low,Adventure,10,1527.88,Website,No,2.4,2
55,Male,Low,Cultural,9,1608.06,Website,Yes,2.9,2
20,Other,Medium,Adventure,12,2814.96,Website,Yes,4.0,3
40,Other,Medium,Leisure,9,2746.94,Website,Yes,4.0,1
54,Female,Medium,Cultural,12,2025.03,Website,Yes,3.7,0
54,Male,Low,Adventure,15,2434.47,Website,No,3.0,0
27,Male,Low,Adventure,10,1867.78,Agent,No,2.7,2
27,Male,Medium,Adventure,14,2844.27,Agent,Yes,3.7,0
36,Other,Medium,Adventure,13,2868.78,Agent,Yes,3.3,0
34,Male,Low,Adventure,12,2574.29,App,No,3.7,0
38,Other,Medium,Cultural,12,2407.72,Website,Yes,3.2,0
31,Other,Low,Adventure,10,1690.37,Website,Yes,3.5,2
26,Female,High,Cultural,13,3982.57,Agent,No,3.1,0
63,Female,High,Adventure,16,4557.94,App,No,3.7,3
18,Female,Low,Leisure,8,1220.0,Agent,Yes,3.4,2
68,Female,Low,Leisure,9,1726.36,Website,Yes,3.5,2
62,Female,Medium,Adventure,18,2763.65,Website,No,3.3,0
30,Other,Low,Religious,6,1221.62,Agent,No,3.2,2
21,Other,Medium,Leisure,8,2234.79,Agent,No,3.6,1
18,Male,High,Cultural,11,3890.98,Website,Yes,3.9,3
66,Other,Medium,Adventure,13,3049.87,Agent,No,2.7,0
57,Other,High,Cultural,12,4514.73,Website,Yes,4.4,3
49,Female,Medium,Religious,10,2026.28,Agent,No,3.0,2
51,Other,Low,Adventure,14,2321.81,App,Yes,3.9,0
45,Female,Medium,Leisure,9,2481.22,Website,Yes,4.0,1
48,Male,Medium,Cultural,10,3147.19,App,No,3.7,1
25,Male,Medium,Leisure,10,2151.95,Agent,Yes,3.1,2
56,Other,Low,Leisure,8,1732.94,App,Yes,4.6,1
43,Male,Low,Adventure,13,2151.31,Agent,No,2.9,0
51,Other,High,Cultural,14,3960.2,App,No,3.7,3
20,Male,Low,Religious,4,576.69,App,No,2.6,2
67,Female,High,Leisure,14,4592.93,App,Yes,4.3,3
29,Female,High,Adventure,17,5142.39,Website,Yes,3.6,3
18,Female,Medium,Adventure,12,2850.22,App,No,3.5,0
61,Female,Medium,Religious,8,2095.16,Agent,Yes,3.8,1
22,Other,Medium,Adventure,13,2256.69,Agent,No,3.0,0
47,Male,High,Leisure,12,3813.77,Website,Yes,4.5,3
47,Other,Low,Adventure,13,2227.54,Website,No,2.5,0
34,Female,Medium,Cultural,14,3083.93,Agent,Yes,3.5,0
65,Other,Medium,Cultural,12,3125.66,App,Yes,4.1,3
64,Male,Medium,Leisure,9,2014.59,Agent,No,4.1,1
40,Other,Medium,Cultural,9,2193.73,Website,Yes,3.8,1
32,Male,Medium,Religious,7,1861.8,Website,No,3.6,2
54,Other,Medium,Adventure,14,3215.51,Agent,No,3.2,0
38,Male,High,Leisure,14,3247.66,App,No,4.0,3
31,Male,Low,Religious,6,1523.33,App,No,2.6,2
19,Female,High,Adventure,15,4448.6,Website,Yes,4.1,3
28,Male,Medium,Religious,8,2621.25,Agent,Yes,3.6,1
68,Female,High,Leisure,14,3708.74,Agent,Yes,3.0,0
56,Female,Medium,Leisure,14,2291.63,Website,Yes,3.7,0
55,Female,Medium,Religious,8,2291.69,Agent,Yes,4.1,1
51,Other,Low,Adventure,11,2347.21,Website,Yes,3.7,0
55,Other,High,Cultural,15,4995.28,App,Yes,4.2,3
67,Other,Low,Cultural,12,2548.2,App,Yes,5.0,1
51,Other,High,Religious,13,3743.57,Agent,Yes,4.0,3
35,Male,High,Leisure,12,3268.47,App,No,3.6,0
47,Male,Low,Adventure,12,2905.38,App,Yes,3.6,0
32,Other,Low,Adventure,13,1931.96,Website,Yes,3.7,0
44,Male,Medium,Leisure,11,2549.92,Website,No,3.2,0
68,Male,Low,Cultural,12,2106.06,Agent,Yes,3.5,0
51,Female,High,Adventure,16,4573.55,Website,No,4.2,3
69,Female,Low,Religious,9,1470.06,Agent,No,3.5,2
55,Female,Low,Cultural,12,2085.28,Agent,Yes,3.7,0
50,Female,High,Religious,12,3045.56,Website,No,2.4,0
41,Male,Medium,Cultural,12,2504.1,App,No,3.0,0
32,Other,High,Leisure,10,3969.87,App,Yes,5.0,3
47,Male,Medium,Religious,9,2129.52,App,No,3.2,2
59,Male,Medium,Religious,11,2508.23,App,Yes,4.3,1
68,Male,Medium,Leisure,9,2561.69,Agent,Yes,4.6,1
34,Female,Medium,Religious,9,2464.95,App,Yes,4.1,1
22,Female,Medium,Cultural,10,2002.76,Agent,Yes,3.4,2
46,Female,Medium,Adventure,14,3288.83,Website,Yes,2.9,0
21,Other,Medium,Adventure,15,2392.46,Website,No,3.3,0
27,Male,Low,Leisure,8,1200.38,Agent,Yes,3.2,2
34,Other,Medium,Cultural,11,2405.17,App,Yes,3.9,1
27,Female,Low,Religious,4,618.21,Agent,Yes,3.1,2
34,Other,Medium,Religious,9,1634.74,App,No,3.0,2
37,Male,Low,Adventure,13,1933.67,App,No,3.0,0
41,Male,Medium,Religious,12,2692.35,Agent,No,3.3,0
22,Female,Medium,Adventure,12,2503.61,Agent,No,2.7,0
51,Female,Low,Leisure,9,1529.7,App,No,3.5,2
23,Other,Low,Religious,7,1036.52,Agent,No,2.7,2
19,Female,Low,Cultural,12,1735.7,App,No,2.3,0
30,Female,Medium,Religious,8,2188.14,Agent,Yes,4.0,1
60,Male,High,Adventure,16,4182.79,Website,Yes,4.0,3
60,Female,Low,Leisure,9,1956.65,App,No,3.3,2
65,Female,Medium,Adventure,14,3788.54,Website,Yes,4.5,3
28,Male,Medium,Religious,7,1636.58,Agent,Yes,3.8,1
68,Male,Medium,Adventure,15,3014.17,Website,Yes,3.7,3
64,Other,High,Adventure,17,4287.43,Agent,No,2.9,0
40,Female,Medium,Leisure,8,2272.01,App,Yes,4.4,1
33,Male,Medium,Cultural,11,2508.17,Agent,No,3.3,0
48,Other,Low,Religious,6,762.89,Agent,No,2.7,2
28,Other,Low,Leisure,9,2010.89,App,No,2.5,2
33,Female,Low,Cultural,7,1673.54,Agent,No,3.9,1
25,Female,Low,Adventure,11,2030.15,App,No,2.6,0
21,Other,Medium,Cultural,11,3004.47,Agent,Yes,3.8,0
57,Male,Medium,Adventure,16,3958.15,App,Yes,4.1,3
21,Other,Medium,Adventure,13,2797.19,Website,Yes,3.3,0
42,Female,Low,Leisure,7,916.51,Agent,No,2.3,2
20,Male,Low,Adventure,14,1994.82,Agent,No,2.1,0
49,Male,Medium,Leisure,7,2254.87,Agent,No,3.9,1
20,Other,High,Cultural,9,3963.09,App,Yes,4.4,3
44,Female,Low,Cultural,11,1538.28,Agent,Yes,4.7,1
46,Other,High,Adventure,14,4410.53,App,Yes,3.8,3
49,Other,Medium,Leisure,8,2434.18,Agent,Yes,3.8,1
67,Other,Medium,Adventure,15,3293.68,Website,Yes,3.6,3
68,Male,Medium,Leisure,11,3323.14,Agent,Yes,4.2,3
36,Male,Low,Leisure,7,565.58,Website,No,2.5,2
38,Female,Low,Leisure,6,1783.05,App,Yes,4.3,1
22,Female,Medium,Cultural,12,3058.11,Website,Yes,3.6,0
35,Other,Medium,Leisure,10,2787.81,Agent,No,2.9,0
45,Other,High,Cultural,13,4015.06,Agent,Yes,3.4,3
59,Other,Medium,Leisure,13,3103.81,App,Yes,3.0,0
39,Female,Low,Cultural,8,1977.3,Agent,Yes,3.7,1
38,Male,Medium,Religious,6,2190.02,Agent,Yes,4.2,1
23,Male,Low,Cultural,8,1846.72,App,Yes,3.6,2
18,Other,Medium,Cultural,11,2962.17,App,Yes,4.5,1
22,Other,Medium,Adventure,13,2211.7,Website,Yes,4.1,0
58,Other,High,Leisure,11,4236.0,App,Yes,4.3,3
29,Other,Medium,Religious,9,2304.23,Agent,Yes,3.2,2
43,Female,Medium,Adventure,12,2849.63,App,No,3.1,0
63,Male,Medium,Leisure,12,3380.43,Agent,Yes,3.8,3
51,Other,High,Religious,10,2883.9,Website,No,3.2,0
66,Female,Low,Religious,9,1680.45,App,Yes,3.4,2
31,Other,Low,Religious,7,1953.84,Agent,Yes,3.8,1
43,Other,Low,Leisure,9,1186.76,App,No,2.7,2
62,Male,Low,Religious,8,1556.34,App,Yes,3.5,2
44,Other,Medium,Religious,9,2447.27,App,Yes,4.1,1
26,Male,Medium,Adventure,14,3203.6,App,No,3.4,0
43,Male,Medium,Cultural,13,2838.72,Website,Yes,3.4,0
64,Male,Low,Leisure,9,1003.59,Agent,No,3.3,2
39,Female,Medium,Cultural,12,2436.73,App,No,2.8,0
64,Female,Medium,Adventure,14,3209.17,Agent,Yes,3.2,0
47,Male,Medium,Cultural,14,2833.21,Website,Yes,3.9,3
60,Other,Medium,Religious,8,2489.13,Agent,Yes,3.8,1
65,Male,Medium,Religious,12,2351.84,Agent,No,3.3,0
34,Other,Low,Leisure,8,498.57,Website,No,1.7,2
43,Male,Low,Leisure,6,1575.56,App,No,3.9,1
53,Other,High,Leisure,11,3932.15,Agent,Yes,4.6,3
18,Female,High,Adventure,13,4316.74,Agent,No,3.0,0
25,Other,Medium,Leisure,10,2739.64,App,Yes,3.4,0
66,Male,Low,Adventure,12,2961.77,App,Yes,4.6,3
52,Female,Medium,Religious,8,2061.34,Agent,No,3.1,2
69,Other,Medium,Cultural,9,3070.24,Website,Yes,3.9,1
32,Other,Medium,Religious,7,2068.05,App,No,2.6,2
64,Other,Low,Religious,4,1462.0,App,Yes,4.2,1
39,Other,Low,Religious,4,1348.11,Website,No,3.6,2
31,Other,Medium,Leisure,10,2753.09,Agent,Yes,4.3,1
43,Female,Medium,Leisure,11,2928.5,App,Yes,3.4,0
45,Female,Low,Leisure,9,1313.48,Agent,Yes,2.9,2
40,Female,Low,Cultural,8,1424.88,Agent,Yes,3.8,1
31,Female,Medium,Leisure,9,2514.19,Agent,Yes,4.4,1
41,Male,High,Adventure,15,4030.03,Website,No,2.8,0
19,Female,High,Religious,8,3172.14,Agent,Yes,4.9,1
62,Other,Medium,Cultural,14,3123.67,Agent,Yes,3.8,3
43,Other,Medium,Cultural,13,3552.96,App,Yes,4.5,3
31,Female,Low,Cultural,9,2185.0,App,Yes,3.9,1
68,Other,Medium,Cultural,12,2099.07,Website,No,2.0,0
24,Female,Medium,Cultural,11,2127.92,Website,No,3.1,0
20,Other,Medium,Adventure,10,2839.89,App,Yes,4.5,1
64,Male,Medium,Religious,9,2475.07,App,Yes,3.7,1
40,Male,Low,Cultural,9,1197.29,Website,No,2.7,2
63,Female,Low,Religious,6,1313.08,Agent,Yes,3.7,2
60,Female,Medium,Leisure,10,2104.84,Website,Yes,2.6,2
64,Female,Low,Cultural,13,2193.08,Agent,Yes,4.3,1
62,Other,Low,Cultural,12,2143.19,App,Yes,3.3,0
35,Female,High,Religious,9,2767.54,App,Yes,4.3,1
55,Male,Medium,Cultural,13,3752.27,App,Yes,4.0,3
52,Other,Medium,Cultural,14,2958.01,Agent,No,3.7,0
68,Female,High,Cultural,15,4108.49,Website,Yes,4.2,3
32,Other,High,Adventure,15,4497.02,Agent,Yes,4.0,3
42,Other,Medium,Adventure,12,2659.88,Website,Yes,3.5,0
54,Female,High,Cultural,14,4600.09,Website,Yes,4.5,3
45,Other,Medium,Adventure,14,3715.56,Website,Yes,3.2,0
27,Male,Medium,Leisure,10,2263.38,App,No,3.5,1
56,Male,Medium,Cultural,13,3148.44,Website,Yes,3.5,0
34,Other,Medium,Leisure,11,2363.96,App,No,3.7,0
56,Female,Medium,Religious,8,1790.36,Website,Yes,3.9,1
39,Other,Medium,Leisure,11,1912.83,Website,No,3.3,0
43,Male,Low,Religious,7,1605.95,App,Yes,3.9,1
61,Other,Medium,Cultural,15,3150.01,App,Yes,3.1,0
42,Other,Low,Religious,6,885.78,Agent,No,2.6,2
34,Male,Medium,Religious,11,2233.96,Website,Yes,4.0,1
30,Other,Medium,Leisure,9,2147.11,App,No,3.3,2
37,Other,Medium,Leisure,8,2412.05,Agent,Yes,4.6,1
42,Female,Medium,Leisure,9,1763.19,Agent,No,3.3,2
21,Female,High,Cultural,12,3491.27,App,No,3.1,0
27,Male,Medium,Cultural,12,1851.0,Website,No,2.6,0
20,Male,Medium,Leisure,10,2724.72,Agent,Yes,4.1,1
58,Male,Medium,Cultural,11,2099.68,Website,Yes,2.8,0
62,Female,Low,Cultural,11,1897.45,Website,No,3.7,1
35,Male,Low,Religious,10,1572.28,Agent,No,3.2,2
64,Male,Low,Religious,10,1360.72,App,No,3.4,2
53,Male,Medium,Leisure,10,1665.44,Website,Yes,3.0,2
64,Female,Medium,Cultural,12,2612.98,App,No,3.7,0
39,Other,High,Religious,10,3557.12,Agent,Yes,5.0,3
51,Male,Low,Adventure,13,2013.2,Website,Yes,3.0,0
64,Other,Low,Cultural,9,1986.81,App,Yes,4.1,1
25,Male,High,Adventure,14,5005.43,App,Yes,4.3,3
57,Other,Low,Leisure,6,1225.85,Website,No,2.5,2
66,Female,Medium,Cultural,13,2914.01,App,Yes,4.0,3
61,Female,Medium,Leisure,11,1967.1,App,No,3.4,0
36,Male,Medium,Leisure,9,2353.27,Agent,Yes,3.7,1
59,Other,Low,Leisure,11,1822.34,Agent,Yes,4.1,1
58,Female,Low,Leisure,7,1940.24,App,Yes,3.4,2
54,Male,Low,Leisure,6,1550.78,App,Yes,3.4,2
23,Male,Medium,Cultural,11,2709.83,Website,Yes,4.0,1
69,Female,Medium,Adventure,16,3716.92,Agent,No,3.3,0
43,Female,Low,Cultural,13,1821.03,Website,No,2.6,0
51,Male,Medium,Cultural,11,2981.95,App,Yes,4.3,1
62,Other,High,Cultural,15,4136.43,Website,Yes,4.2,3
23,Other,Low,Religious,6,1299.37,App,Yes,4.1,1
54,Other,Medium,Religious,9,2345.57,Agent,No,3.3,2
50,Male,Medium,Cultural,13,2773.18,Agent,Yes,4.0,3
39,Female,Low,Adventure,13,2569.94,App,Yes,3.6,0
38,Male,Medium,Cultural,9,2676.74,Agent,Yes,4.9,1
23,Female,Medium,Leisure,11,2105.84,App,No,2.8,0
23,Other,High,Religious,11,2994.64,Website,Yes,4.9,1
65,Other,High,Religious,10,3953.27,App,Yes,4.5,3
21,Female,Medium,Cultural,11,2128.08,Website,No,2.6,0
47,Female,Medium,Cultural,12,2786.45,App,No,3.8,0
28,Male,Medium,Adventure,13,2591.3,Agent,No,3.2,0
47,Other,Medium,Adventure,13,3762.62,App,Yes,4.4,3
48,Male,Medium,Leisure,9,1998.34,App,No,3.7,1
41,Male,Low,Cultural,10,2199.99,App,No,3.3,2
26,Male,Medium,Cultural,13,1917.09,Agent,No,2.7,0
20,Other,Medium,Cultural,12,2631.81,App,No,3.6,0
68,Male,Medium,Religious,9,2204.01,Agent,No,3.3,2
48,Male,High,Leisure,12,3802.71,App,Yes,4.5,3
57,Male,Low,Adventure,8,2173.69,Website,Yes,3.1,2
54,Male,Medium,Religious,11,2645.23,App,No,3.5,0
53,Male,Low,Religious,5,531.33,Website,Yes,3.1,2
41,Male,Medium,Religious,8,2417.2,Agent,Yes,4.8,1
48,Other,Medium,Religious,7,1493.39,Agent,Yes,4.0,1
23,Male,Medium,Leisure,7,1726.68,App,No,3.4,2
19,Female,Medium,Cultural,12,3235.13,Agent,Yes,4.2,3
37,Male,Medium,Adventure,13,2771.84,App,No,2.8,0
45,Male,Medium,Adventure,14,2544.21,Agent,No,3.7,0
28,Other,Medium,Religious,8,1991.99,Website,Yes,4.7,1
21,Other,Medium,Religious,9,2846.75,Agent,Yes,4.3,1
32,Female,High,Leisure,11,3051.87,Website,Yes,4.7,3
23,Female,Low,Religious,4,970.98,App,Yes,3.7,2
66,Other,Low,Adventure,14,3200.61,App,Yes,3.5,0
47,Other,Medium,Adventure,13,3953.69,App,Yes,4.1,3
55,Male,High,Cultural,11,3485.35,Website,No,3.8,3
68,Other,Medium,Cultural,12,2769.66,App,Yes,3.7,0
19,Female,Low,Adventure,14,2745.13,App,No,3.3,0
32,Male,Medium,Adventure,14,3559.71,Website,Yes,4.1,3
28,Female,Medium,Leisure,9,2215.06,Agent,No,2.9,2
25,Male,Low,Leisure,7,1382.66,App,Yes,3.9,1
43,Other,Medium,Adventure,13,2811.67,Agent,No,3.5,0
68,Female,High,Religious,14,3513.27,Agent,No,3.4,0
62,Male,Medium,Cultural,13,2870.63,App,No,3.7,0
61,Male,Medium,Adventure,15,4021.68,App,Yes,3.5,3
22,Other,Medium,Religious,9,1945.2,Website,No,3.4,2
23,Other,Low,Adventure,12,1793.16,Website,Yes,3.1,0
43,Other,High,Cultural,13,4689.33,App,Yes,3.9,3
21,Female,Medium,Cultural,11,2790.32,Agent,Yes,3.7,0
36,Male,Medium,Leisure,9,2507.5,Website,Yes,3.7,1
37,Other,Medium,Leisure,9,2746.34,Website,Yes,3.9,1
50,Female,Medium,Leisure,11,2057.9,App,No,3.0,0
37,Female,Medium,Leisure,9,2595.63,App,Yes,4.4,1
66,Female,Low,Cultural,12,2171.94,App,Yes,3.5,0
29,Other,High,Religious,9,3146.02,App,Yes,3.7,1
64,Other,High,Religious,11,3315.39,Website,No,4.0,3
18,Male,Medium,Religious,5,2574.84,Website,Yes,4.6,1
43,Male,High,Adventure,16,3904.35,Website,Yes,3.9,3
31,Other,Low,Leisure,8,1156.69,Agent,No,3.1,2
55,Female,Medium,Leisure,11,2708.54,Website,Yes,4.0,1
54,Female,Medium,Cultural,7,2508.3,Website,Yes,4.8,1
28,Female,Medium,Cultural,14,3027.44,App,Yes,4.0,3
53,Male,Medium,Adventure,14,2396.61,Website,No,2.7,0
30,Female,Medium,Adventure,15,2801.21,Website,No,4.0,3
60,Male,Low,Religious,6,1064.35,Website,Yes,3.7,2
20,Male,Medium,Cultural,12,2244.4,App,Yes,3.6,0
50,Female,Low,Leisure,7,1809.75,Website,Yes,4.3,1
23,Female,Medium,Religious,7,1853.89,Website,No,3.5,2
67,Other,Low,Leisure,12,1601.87,Agent,No,3.0,0
27,Other,Low,Religious,6,1345.1,Agent,Yes,4.8,1
22,Female,Medium,Leisure,9,2703.67,Agent,Yes,4.0,1
40,Male,Medium,Adventure,15,2998.68,Agent,No,3.0,0
27,Male,High,Religious,10,3537.58,App,No,3.8,3
61,Male,Medium,Leisure,10,2147.13,Agent,No,3.6,1
19,Male,Medium,Leisure,9,2209.97,Website,No,2.7,2
30,Male,High,Cultural,16,3937.61,Agent,No,2.5,0
57,Other,Medium,Religious,9,2614.59,App,Yes,3.8,1
19,Female,Low,Leisure,8,1125.36,Agent,Yes,2.9,2
37,Other,Medium,Cultural,13,2982.46,Agent,Yes,3.7,0
18,Male,High,Leisure,12,3241.79,App,No,3.6,0
54,Male,Medium,Religious,11,2469.89,App,Yes,3.5,0
26,Male,Low,Adventure,12,2186.76,App,Yes,3.1,0
34,Male,Low,Religious,5,1081.51,App,Yes,3.8,2
26,Female,Low,Religious,9,2238.81,App,Yes,4.3,1
28,Male,Medium,Leisure,7,2440.78,App,No,3.0,2
32,Female,Medium,Leisure,10,2917.49,Website,Yes,4.4,1
41,Male,Low,Religious,6,979.51,Agent,Yes,3.9,2
55,Female,High,Cultural,13,3807.75,Agent,No,3.9,3
52,Other,Medium,Cultural,12,2673.32,App,Yes,4.3,3
47,Male,Medium,Cultural,12,2427.67,App,No,4.0,1
48,Female,High,Leisure,12,3065.94,Website,No,3.2,0
66,Other,Low,Leisure,11,1743.25,Website,No,3.0,2
22,Male,Medium,Religious,9,1862.51,App,No,3.0,2
61,Male,Medium,Adventure,14,3546.89,Website,Yes,3.9,3
67,Male,High,Leisure,13,4077.61,Website,Yes,4.8,3
31,Female,Medium,Religious,10,3177.47,App,Yes,3.6,0
28,Female,Low,Religious,5,927.54,App,Yes,3.3,2
26,Other,High,Adventure,15,4989.15,App,Yes,4.8,3
51,Female,Low,Cultural,11,2540.31,App,Yes,4.3,1
29,Female,High,Religious,9,2774.36,Agent,No,3.4,1
52,Male,High,Religious,12,4063.52,Agent,Yes,4.6,3
52,Male,Low,Religious,7,1712.22,App,Yes,4.0,1
18,Male,Medium,Cultural,11,2463.13,Website,Yes,4.4,1
57,Male,Low,Cultural,10,1919.2,App,Yes,3.7,1
39,Male,Medium,Adventure,13,2590.64,Agent,No,3.5,0
46,Male,Medium,Leisure,8,2906.32,Website,Yes,5.0,1
25,Male,Medium,Cultural,9,2196.58,Agent,No,3.5,1
28,Other,High,Leisure,13,4236.02,App,Yes,4.2,3
58,Other,Medium,Leisure,9,2324.11,Agent,Yes,4.2,1
54,Other,Medium,Cultural,10,2567.42,Agent,Yes,3.8,1
31,Other,High,Religious,6,3220.97,Agent,No,5.0,1
47,Male,High,Adventure,14,3951.5,Website,Yes,4.1,3
52,Other,Low,Leisure,6,1426.81,Agent,Yes,3.8,1
38,Male,High,Religious,12,3551.58,Website,Yes,3.8,3
54,Other,Low,Cultural,12,1904.79,App,No,3.4,0
22,Female,High,Leisure,9,3277.65,App,No,4.1,1
36,Other,Low,Leisure,11,1890.12,Agent,Yes,3.4,0
31,Other,Low,Leisure,9,1684.23,Website,Yes,3.9,1
43,Male,Medium,Religious,8,2246.77,App,No,2.8,2
21,Other,Medium,Religious,4,1080.64,Website,No,3.5,2
42,Female,Medium,Religious,12,1876.13,Website,No,3.2,0
62,Male,Low,Leisure,6,1559.81,Agent,No,4.0,1
59,Male,Medium,Leisure,7,2314.77,Agent,No,3.3,2
42,Other,High,Adventure,16,4039.52,Website,Yes,3.4,3
35,Male,Medium,Adventure,17,2981.82,Website,No,2.7,0
57,Male,Low,Religious,9,612.91,Agent,No,2.1,2
25,Male,Medium,Religious,9,2110.46,Website,Yes,4.4,1
56,Male,Low,Cultural,11,2640.71,Agent,Yes,4.5,1
57,Male,High,Religious,12,2952.01,Website,No,3.4,0
31,Male,High,Adventure,16,4296.08,Agent,Yes,4.5,3
49,Female,Medium,Adventure,14,2995.59,Website,No,3.2,0
68,Other,Medium,Adventure,14,2948.54,Agent,Yes,3.7,0
55,Female,Medium,Leisure,10,2266.55,Website,Yes,3.7,1
50,Male,Medium,Leisure,9,2850.31,App,Yes,4.1,1
40,Male,High,Religious,9,3481.09,App,Yes,3.8,1
32,Other,Medium,Cultural,9,2410.59,Website,Yes,4.1,1
50,Female,Medium,Cultural,12,3274.63,App,Yes,4.0,3
42,Other,Medium,Cultural,10,2317.84,Website,No,3.6,1
34,Female,Medium,Leisure,8,1911.42,Website,No,3.3,2
50,Male,High,Adventure,15,4629.64,App,Yes,4.1,3
64,Other,Medium,Adventure,16,3472.39,Website,Yes,3.5,3
19,Other,Medium,Leisure,10,2389.26,Agent,Yes,3.9,1
31,Male,Low,Cultural,7,1693.72,Website,Yes,4.2,1
57,Other,Medium,Cultural,10,2517.3,Website,Yes,3.5,0
57,Female,Medium,Religious,10,2561.61,App,Yes,4.0,1
68,Female,Low,Religious,6,1184.39,Agent,Yes,3.8,2
56,Female,Low,Cultural,10,1850.87,Website,Yes,3.4,2
68,Female,Medium,Leisure,11,2338.08,Website,Yes,3.5,0
23,Male,Medium,Cultural,9,1702.16,Website,No,3.2,2
23,Other,Medium,Religious,8,2103.97,Website,Yes,3.5,2
20,Female,Low,Cultural,7,1165.2,Website,No,3.2,2
24,Male,Medium,Leisure,8,2016.24,Website,No,3.0,2
68,Other,Low,Adventure,13,2022.04,Agent,No,3.4,0
25,Other,Medium,Leisure,7,1998.79,Agent,No,4.4,1
59,Male,Low,Leisure,9,1781.62,Website,Yes,3.4,2
69,Male,Low,Religious,8,1589.81,Website,Yes,3.9,1
32,Female,Low,Leisure,8,1473.68,App,Yes,3.4,2
64,Other,Medium,Leisure,10,2296.19,Agent,No,3.7,1
46,Other,Low,Religious,9,1260.62,Agent,No,2.4,2
50,Male,Medium,Religious,9,1823.53,Website,No,3.3,2
69,Other,Medium,Adventure,14,2790.43,Agent,Yes,3.4,0
47,Female,Medium,Cultural,12,2534.52,Agent,No,3.1,0
56,Other,Medium,Leisure,11,3485.14,App,Yes,3.8,3
44,Male,High,Religious,10,3643.36,App,Yes,4.7,3
53,Male,Low,Adventure,12,1797.95,Agent,No,2.6,0
46,Female,Medium,Cultural,11,2933.38,Agent,Yes,4.2,1
55,Female,Low,Religious,6,1110.09,Agent,No,2.9,2
50,Other,Low,Cultural,8,2069.2,Website,Yes,3.9,1
54,Other,Medium,Cultural,14,2414.02,App,No,3.1,0
44,Male,Medium,Leisure,8,2500.79,Website,Yes,3.9,1
50,Female,High,Leisure,10,3708.5,App,No,3.9,3
21,Female,Medium,Religious,7,1813.73,App,No,4.0,1
39,Female,High,Cultural,14,4017.98,App,No,3.2,0
19,Other,Low,Religious,6,1545.21,Agent,Yes,4.4,1
27,Female,Low,Religious,8,1408.07,App,No,3.6,2
22,Male,Low,Cultural,8,1228.47,Website,Yes,3.2,2
27,Male,Low,Religious,7,1732.42,App,Yes,3.3,2
50,Other,Medium,Cultural,10,2611.97,Website,Yes,4.1,1
55,Other,Medium,Cultural,15,2878.24,App,No,2.9,0
30,Female,Low,Cultural,8,1933.34,App,Yes,4.6,1
48,Other,High,Cultural,14,3766.3,Agent,No,3.4,3
64,Male,High,Adventure,17,4578.89,Website,No,3.1,3
53,Female,Low,Cultural,11,2181.26,App,Yes,3.3,0
62,Male,Low,Leisure,8,1135.51,App,No,3.4,2
41,Female,Low,Leisure,8,1348.32,Website,Yes,3.4,2
69,Other,Low,Leisure,9,1619.98,App,No,3.1,2
32,Female,Low,Cultural,9,2200.14,Agent,Yes,4.3,1
46,Female,Medium,Leisure,11,2652.3,Website,Yes,3.7,0
25,Male,Low,Adventure,15,2201.22,Agent,Yes,3.5,0
22,Male,Medium,Religious,7,2706.93,Website,Yes,4.4,1
46,Female,High,Cultural,11,3950.81,Website,Yes,4.6,3
64,Other,Medium,Leisure,10,2883.99,Website,Yes,4.3,1
21,Other,High,Adventure,18,4720.86,App,Yes,3.9,3
29,Male,Low,Religious,5,1236.38,Website,Yes,3.9,1
62,Other,Medium,Adventure,17,3663.22,Website,Yes,3.6,3
19,Male,Medium,Leisure,11,2301.83,Website,No,2.6,0
44,Other,Low,Adventure,11,2628.59,Agent,Yes,4.0,1
48,Female,Low,Religious,8,1213.04,Website,No,3.7,2
68,Male,Medium,Leisure,13,2506.85,App,No,2.8,0
68,Male,Medium,Religious,9,1739.85,Website,No,2.8,2
53,Female,Medium,Adventure,13,2826.16,Website,No,2.9,0
53,Male,Medium,Cultural,11,3136.31,Agent,Yes,4.3,3
43,Other,Medium,Cultural,10,2429.56,App,No,3.5,0
60,Other,Low,Cultural,10,2500.93,App,Yes,3.9,1
44,Male,Medium,Cultural,10,2937.16,App,No,3.1,0
22,Other,Low,Religious,6,426.48,Website,No,2.7,2
37,Male,Low,Cultural,9,1455.3,Website,Yes,3.0,2
28,Female,High,Religious,10,3229.26,App,No,3.7,1
27,Male,Medium,Leisure,7,2528.66,App,Yes,4.7,1
57,Female,Medium,Cultural,12,2779.01,Agent,Yes,3.4,0
55,Other,Medium,Religious,10,3012.04,App,Yes,3.5,0
23,Female,Medium,Cultural,8,2103.6,Website,No,4.0,1
25,Other,Low,Cultural,10,1318.21,Website,No,2.6,2
40,Male,Low,Cultural,12,1070.6,Website,No,3.2,2
64,Other,Low,Religious,6,1066.63,Agent,Yes,3.6,2
43,Male,Medium,Adventure,16,3640.68,App,Yes,3.8,3
63,Male,Medium,Cultural,13,1836.6,Website,No,3.1,0
60,Female,Medium,Cultural,11,3195.17,Agent,Yes,3.7,0
29,Female,Medium,Leisure,9,1968.93,Agent,No,3.3,2
43,Female,High,Adventure,16,5429.3,Website,Yes,4.1,3
30,Female,Low,Religious,7,2043.75,Agent,Yes,3.6,1
57,Other,Low,Leisure,9,1701.94,Agent,Yes,3.8,1
35,Other,Medium,Cultural,10,2124.48,Website,No,3.1,2
42,Other,Medium,Leisure,10,2840.05,Agent,Yes,4.0,1
50,Male,High,Leisure,9,4082.33,Website,Yes,4.2,3
64,Other,Low,Cultural,10,1409.97,Website,Yes,4.2,1
57,Other,High,Adventure,14,4020.46,Agent,Yes,4.4,3
60,Other,High,Adventure,14,4234.77,Website,Yes,4.5,3
29,Female,Low,Leisure,9,1641.2,Website,Yes,3.5,2
61,Other,Medium,Cultural,14,2975.44,App,No,2.5,0
53,Male,Medium,Religious,10,2617.31,Website,Yes,4.8,1
65,Female,High,Leisure,10,3246.47,App,No,3.6,0
21,Male,Low,Religious,6,301.53,App,No,2.3,2
22,Other,Medium,Leisure,11,2908.78,App,Yes,4.1,1
54,Female,Medium,Leisure,10,2502.92,App,Yes,4.4,1
25,Male,Medium,Cultural,14,1890.83,Agent,No,2.9,0
59,Other,Medium,Cultural,13,3049.9,Agent,Yes,4.4,3
66,Male,Medium,Religious,9,2539.33,Website,Yes,4.5,1
45,Male,High,Religious,10,3419.76,Website,Yes,3.8,3
48,Male,High,Adventure,15,3884.02,Website,No,3.1,0
26,Other,High,Cultural,12,3933.57,Agent,Yes,4.6,3
68,Other,Low,Leisure,10,1510.2,App,No,1.9,2
46,Male,Medium,Leisure,11,1816.96,Agent,No,2.9,2
31,Female,Low,Adventure,10,1971.97,Agent,Yes,3.2,2
57,Female,Medium,Cultural,10,2822.76,Website,Yes,3.9,1
58,Other,Medium,Leisure,7,2387.88,Website,Yes,4.1,1
39,Other,Medium,Adventure,14,3166.79,Website,Yes,3.7,3
28,Other,Medium,Adventure,11,2882.83,App,Yes,3.8,0
40,Other,High,Leisure,8,3706.93,App,Yes,4.3,1
18,Other,Low,Leisure,8,848.26,Agent,Yes,4.3,1
63,Female,Medium,Religious,13,2879.92,App,Yes,4.6,3
54,Other,Medium,Cultural,12,3200.03,Website,Yes,3.5,0
38,Male,Low,Religious,8,759.14,App,No,3.4,2
43,Male,Low,Adventure,12,2340.6,App,Yes,3.6,0
63,Female,High,Leisure,11,3755.11,App,No,3.7,3
53,Male,High,Religious,12,4292.23,App,Yes,4.3,3
40,Female,High,Adventure,14,4186.91,Website,Yes,3.8,3
18,Female,High,Cultural,13,3643.7,Website,Yes,4.4,3
68,Male,Low,Leisure,9,1220.7,Agent,Yes,3.5,2
57,Other,Medium,Religious,8,2377.41,Agent,Yes,3.9,1
32,Male,Medium,Cultural,13,3084.0,Agent,No,2.8,0
38,Male,Medium,Religious,8,2084.58,App,No,3.0,2
64,Female,Medium,Adventure,13,3474.69,App,Yes,3.3,0
26,Male,Medium,Cultural,12,2728.0,Website,Yes,3.8,0
26,Female,Medium,Religious,7,2128.05,Agent,Yes,3.7,1
27,Other,Medium,Cultural,11,2332.47,Website,Yes,3.7,0
69,Other,Low,Adventure,13,2803.36,Agent,Yes,4.3,3
43,Other,Medium,Cultural,13,2994.1,Agent,Yes,4.3,3
58,Male,Medium,Religious,10,2476.66,Agent,Yes,3.9,1
52,Female,Medium,Adventure,14,3188.77,App,Yes,3.8,3
69,Other,Low,Leisure,10,2267.43,Agent,Yes,4.6,1
42,Female,Medium,Religious,11,2650.79,Agent,Yes,4.1,1
43,Female,Low,Religious,8,1460.5,App,Yes,3.5,2
28,Other,Medium,Adventure,13,3051.92,Agent,No,2.7,0
55,Other,Medium,Adventure,12,3227.1,App,Yes,4.2,3
19,Female,Medium,Leisure,7,1761.78,App,No,3.7,1
24,Other,Low,Religious,6,483.47,Website,No,2.4,2
35,Female,Medium,Adventure,12,2345.06,App,No,3.2,0
44,Female,Medium,Leisure,9,2382.84,App,No,3.2,2
51,Other,Medium,Leisure,10,1787.03,App,No,3.0,2
44,Male,Medium,Adventure,14,2522.84,Agent,No,2.1,0
34,Other,Medium,Religious,8,1458.7,Website,Yes,3.6,2
60,Male,Medium,Cultural,13,2985.56,Agent,Yes,4.2,3
61,Female,Low,Cultural,11,1801.28,App,No,2.7,2
68,Female,Low,Leisure,6,1283.37,App,No,3.2,2
41,Male,Medium,Cultural,10,1873.6,Website,No,2.8,2
42,Female,Medium,Cultural,11,1899.71,Website,No,3.2,0
24,Male,Medium,Adventure,11,2900.69,App,No,3.3,0
69,Male,Low,Leisure,10,1461.21,App,No,2.6,2
23,Female,Low,Religious,9,1131.28,Agent,No,3.4,2
41,Male,Medium,Leisure,11,2480.8,App,Yes,4.2,1
50,Other,Low,Adventure,12,2055.7,Agent,No,2.8,0
66,Other,Medium,Cultural,14,2942.36,Website,No,3.4,0
46,Female,Low,Religious,7,1207.23,Agent,No,3.2,2
60,Female,Medium,Leisure,9,2197.65,App,No,3.6,1
39,Male,High,Cultural,12,4123.54,Agent,Yes,3.6,3
43,Male,Low,Leisure,8,1554.18,Agent,Yes,4.1,1
45,Male,Medium,Religious,8,1738.74,Website,No,3.0,2
67,Male,Low,Leisure,9,1708.69,Agent,Yes,3.6,2
38,Other,Medium,Leisure,10,2622.08,App,Yes,5.0,1
66,Other,Medium,Leisure,10,2725.0,Agent,Yes,4.1,1
24,Female,Medium,Cultural,12,2073.37,Agent,No,2.9,0
34,Male,Medium,Religious,10,1646.61,Agent,No,2.1,2
37,Male,High,Religious,11,2959.81,App,No,4.0,1
58,Female,Low,Cultural,8,1021.29,Agent,No,2.3,2
66,Male,Low,Cultural,7,1666.19,App,Yes,3.5,2
37,Male,High,Cultural,14,4204.21,Agent,Yes,4.0,3
39,Male,Medium,Adventure,11,2668.54,Website,Yes,4.5,1
45,Male,High,Leisure,11,3420.46,Website,No,3.9,3
57,Male,Medium,Leisure,8,2356.79,Website,Yes,4.0,1
66,Female,High,Religious,8,2750.82,App,No,3.8,1
24,Male,Medium,Leisure,10,2797.87,App,Yes,3.8,1
18,Female,Medium,Adventure,14,3554.62,App,Yes,4.0,3
49,Male,High,Cultural,12,3398.22,Agent,No,3.5,0
30,Other,Medium,Religious,4,2247.43,App,Yes,5.0,1
47,Other,Low,Religious,6,869.43,App,No,3.3,2
40,Other,Low,Leisure,8,1790.68,App,Yes,4.0,1
68,Other,Low,Religious,6,1252.03,App,Yes,3.6,2
36,Female,Low,Cultural,10,1223.44,Website,Yes,3.7,2
49,Female,Medium,Religious,9,2251.53,Agent,Yes,3.9,1
47,Male,Medium,Cultural,12,2299.26,Website,No,2.7,0
46,Other,Medium,Adventure,14,3182.07,Agent,Yes,3.7,3
66,Female,Medium,Adventure,13,2986.17,Agent,Yes,3.9,3
62,Male,Medium,Cultural,14,2811.41,Website,Yes,4.1,3
46,Male,Low,Leisure,8,1472.16,App,No,3.0,2
47,Female,Low,Religious,7,872.91,Website,No,2.4,2
33,Other,Low,Leisure,6,1511.13,Agent,Yes,4.0,1
57,Male,Medium,Religious,8,2145.34,Agent,Yes,4.0,1
36,Other,Low,Adventure,10,2312.89,App,No,3.3,0
35,Other,Low,Adventure,11,1363.52,Website,No,3.2,2
18,Other,Medium,Adventure,15,3367.64,Agent,Yes,4.2,3
31,Male,High,Religious,8,3220.94,Website,No,3.7,1
68,Other,Low,Adventure,10,2265.65,App,No,3.0,2
64,Male,Medium,Adventure,16,3200.62,App,No,2.7,0
67,Other,Medium,Adventure,14,2847.89,Agent,No,3.4,0
19,Male,Medium,Adventure,12,3107.2,App,No,3.9,3
45,Other,High,Leisure,13,3509.48,Agent,Yes,3.9,3
66,Female,Low,Adventure,12,1790.34,Agent,No,2.8,0
67,Other,Low,Adventure,15,2697.11,App,Yes,4.2,3
47,Other,High,Leisure,12,4007.67,App,No,3.8,3
55,Male,Medium,Leisure,9,2510.31,Website,Yes,4.2,1
68,Male,Medium,Religious,12,2200.96,Website,Yes,3.2,0
21,Other,Medium,Cultural,10,2143.28,Agent,No,3.5,1
18,Female,Medium,Adventure,14,2427.08,Website,No,2.7,0
25,Female,High,Adventure,15,4243.44,Agent,Yes,3.6,3
46,Male,High,Adventure,17,5125.04,App,Yes,4.0,3
56,Female,Medium,Religious,11,2259.85,App,Yes,3.5,0
20,Other,Low,Adventure,11,2124.01,Website,No,3.0,0
49,Male,High,Cultural,12,3944.85,Agent,No,3.0,0
27,Other,Low,Leisure,8,1873.63,Agent,Yes,4.2,1
27,Male,Low,Religious,5,527.49,Website,No,3.2,2
36,Male,High,Leisure,14,3506.39,Agent,No,2.5,0
63,Male,Low,Adventure,13,2096.43,Agent,Yes,4.0,0
51,Male,Low,Adventure,12,1998.98,App,No,2.7,0
50,Female,Low,Adventure,12,2549.47,Agent,Yes,4.1,1
40,Other,High,Cultural,11,3980.2,Agent,No,3.7,3
45,Other,Medium,Cultural,10,2424.23,Agent,Yes,3.9,1
49,Other,Medium,Religious,10,2166.72,Website,Yes,3.7,1
67,Male,Low,Leisure,8,1550.99,Website,Yes,4.2,1
24,Female,Medium,Adventure,11,2442.64,Website,Yes,3.3,0
46,Other,Medium,Adventure,14,3078.78,Agent,No,3.5,0
25,Female,Medium,Adventure,15,3039.18,Agent,Yes,4.2,3
18,Male,Medium,Adventure,14,2952.76,Website,Yes,4.1,3
20,Other,Low,Cultural,11,1205.79,Website,No,3.7,2
41,Female,High,Leisure,10,3499.57,Agent,Yes,4.1,3
40,Male,Medium,Leisure,7,2349.26,Agent,Yes,4.6,1
25,Female,High,Religious,12,3311.69,App,No,3.4,0
64,Other,Medium,Cultural,12,2309.82,Website,No,3.6,0
54,Other,Medium,Adventure,13,3062.84,Agent,Yes,3.9,3
20,Male,Medium,Leisure,11,2437.23,Website,Yes,3.7,0
68,Male,Medium,Leisure,11,2677.46,Website,No,3.8,1
50,Male,High,Cultural,14,4113.34,Website,Yes,3.9,3
45,Female,Medium,Religious,12,2975.21,App,Yes,3.4,0
64,Female,Low,Religious,7,1104.31,Agent,Yes,3.4,2
25,Female,Medium,Adventure,14,3243.7,Agent,Yes,4.1,3
51,Male,Medium,Religious,9,1497.17,Website,No,3.6,2
52,Other,Medium,Leisure,10,1748.3,Agent,No,3.1,2
49,Other,Low,Religious,9,1094.56,App,No,3.4,2
41,Female,Medium,Adventure,14,3083.95,Website,No,2.7,0
31,Female,Medium,Leisure,10,2921.38,App,Yes,3.9,1
49,Other,Medium,Religious,10,2649.28,App,Yes,3.9,1
63,Other,Medium,Religious,9,1576.57,Agent,No,3.0,2
60,Female,Medium,Cultural,11,2832.49,Agent,Yes,4.0,1
33,Female,Low,Adventure,10,2436.89,App,Yes,4.2,1
21,Other,Medium,Religious,5,1639.04,Agent,No,3.4,2
69,Male,Low,Cultural,14,1913.24,App,Yes,3.6,0
54,Female,Low,Leisure,7,1504.28,App,Yes,3.8,1
38,Other,Medium,Cultural,11,2212.15,Website,No,2.8,0
31,Other,High,Cultural,12,3917.26,App,No,3.6,3
48,Other,Medium,Religious,9,1852.54,App,Yes,3.7,1
65,Other,Medium,Religious,10,2057.74,Agent,No,3.1,2
35,Male,High,Religious,11,3509.29,Website,Yes,4.2,3
24,Other,High,Cultural,12,4226.26,Agent,Yes,4.3,3
27,Female,Low,Leisure,7,1144.23,Website,No,2.8,2
24,Male,High,Adventure,15,4226.15,Agent,No,4.0,3
50,Other,Medium,Cultural,11,2751.39,App,Yes,3.5,0
40,Male,Medium,Religious,11,1718.98,Website,Yes,3.3,2
38,Female,Low,Adventure,13,2133.46,Website,Yes,4.7,1
36,Other,Medium,Leisure,10,2661.87,Website,Yes,3.6,1
65,Female,Low,Adventure,14,2864.41,Website,Yes,3.2,0
36,Other,Low,Religious,9,1714.54,Agent,Yes,4.0,1
53,Other,Medium,Cultural,12,3045.18,Agent,Yes,3.1,0
46,Other,High,Cultural,11,3985.27,Website,Yes,4.3,3
35,Other,High,Religious,10,3239.54,Website,Yes,5.0,1
19,Other,Medium,Cultural,10,2037.36,Website,No,2.5,2
18,Male,High,Religious,8,3852.1,Agent,Yes,4.0,1
64,Other,High,Cultural,14,3858.61,Website,Yes,3.4,3
22,Other,Medium,Cultural,13,2755.81,Website,No,3.5,0
37,Male,Low,Cultural,10,1269.77,Website,No,3.3,2
28,Male,Medium,Leisure,9,2809.01,Agent,Yes,4.0,1
59,Male,High,Leisure,14,3794.33,App,Yes,4.3,3
19,Male,Medium,Religious,8,2082.15,App,No,3.9,1
20,Male,Medium,Leisure,13,2390.35,Agent,Yes,4.4,3
40,Male,Medium,Religious,9,1646.8,App,No,3.0,2
29,Other,Medium,Adventure,10,2891.94,Website,Yes,3.2,0
37,Other,Medium,Adventure,14,3409.22,Website,Yes,3.6,3
22,Female,Low,Leisure,8,1267.89,Agent,Yes,3.4,2
54,Other,Medium,Adventure,16,2611.67,Agent,No,2.9,0
55,Other,High,Adventure,16,4388.82,App,No,3.3,3
47,Male,High,Cultural,13,4270.15,App,Yes,4.7,3
26,Male,Low,Cultural,8,1755.87,Website,Yes,4.3,1
51,Other,High,Religious,10,3921.25,Agent,Yes,4.4,3
61,Female,Medium,Adventure,13,3448.55,App,Yes,4.4,3
52,Male,Medium,Religious,8,2628.03,App,No,3.8,1
69,Other,Medium,Religious,10,2443.65,Website,Yes,3.9,1
39,Other,High,Adventure,17,3992.45,Website,No,3.6,3
61,Female,High,Leisure,12,2922.91,Website,No,3.3,0
41,Female,Medium,Adventure,12,2527.58,Website,No,4.0,1
34,Male,High,Cultural,13,3730.46,App,No,2.9,0
27,Female,Low,Adventure,13,2634.47,Agent,Yes,3.5,0
47,Other,Medium,Leisure,9,2645.12,Agent,Yes,4.0,1
63,Other,Medium,Religious,9,1932.57,Website,Yes,4.0,1
40,Female,Medium,Religious,8,2163.05,Website,Yes,4.5,1
49,Female,Low,Cultural,9,2267.84,App,Yes,3.9,1
34,Female,High,Cultural,14,4449.79,Website,Yes,3.6,3
67,Female,Low,Cultural,11,1992.63,Agent,No,3.4,0
68,Male,Low,Religious,8,1679.63,Website,Yes,4.1,1
34,Female,Medium,Cultural,10,2319.4,Agent,No,2.5,2
31,Male,Medium,Adventure,12,2672.87,Website,No,3.2,0
26,Other,High,Religious,11,3396.23,Website,No,2.9,0
57,Female,Medium,Leisure,9,2156.54,Agent,Yes,3.6,1
19,Male,Low,Religious,9,1461.54,App,Yes,3.2,2
62,Female,High,Adventure,15,4559.61,App,Yes,4.5,3
42,Other,Medium,Adventure,14,3245.12,Website,Yes,3.9,3
56,Other,Low,Cultural,12,2350.44,Website,Yes,3.2,0
26,Other,Medium,Religious,6,1492.28,Agent,No,3.7,2
39,Female,Medium,Religious,6,1419.28,Agent,Yes,3.3,2
60,Female,Medium,Religious,7,2027.71,Website,Yes,4.2,1
63,Male,Medium,Leisure,12,2640.42,Agent,No,2.9,0
21,Other,High,Cultural,11,4207.67,App,Yes,4.3,3
43,Female,High,Adventure,19,5064.83,App,Yes,4.2,3
46,Other,Medium,Adventure,13,2757.38,Agent,No,3.4,0
62,Other,Low,Cultural,11,1717.67,Agent,Yes,4.1,1
51,Male,High,Adventure,18,4520.96,Agent,No,3.3,3
40,Male,Medium,Adventure,16,3291.09,App,Yes,3.9,3
54,Male,Medium,Cultural,15,3206.61,Website,No,3.0,0
28,Male,Medium,Adventure,15,3442.53,Agent,Yes,3.9,3
23,Other,High,Religious,11,3382.18,Agent,Yes,4.3,3
35,Male,Medium,Leisure,10,2322.96,Agent,Yes,3.8,1
38,Male,Low,Cultural,11,1803.49,Website,Yes,2.9,2
59,Male,Medium,Leisure,9,2494.53,Agent,Yes,4.2,1
53,Male,High,Adventure,14,4871.43,Agent,Yes,4.4,3
58,Other,Low,Adventure,12,2647.3,App,Yes,3.5,0
55,Male,High,Religious,10,3436.89,Agent,Yes,3.8,3
51,Other,Medium,Cultural,11,3563.51,App,Yes,4.8,3
34,Female,Medium,Adventure,14,3106.17,Website,Yes,4.0,3
54,Other,Low,Cultural,12,1952.03,Agent,No,2.9,0
42,Other,Low,Cultural,10,1758.91,Agent,Yes,3.2,2
55,Male,High,Cultural,16,4625.31,App,Yes,3.7,3
29,Female,Low,Cultural,8,1299.71,Website,No,3.5,2
40,Female,Medium,Cultural,11,1674.48,Website,No,3.0,2
59,Female,Medium,Leisure,9,3320.96,App,Yes,4.2,1
39,Female,Low,Religious,4,1453.57,Website,Yes,4.6,1
38,Other,Low,Cultural,10,1652.22,Website,Yes,3.3,2
44,Female,Medium,Leisure,9,2010.7,Website,Yes,4.4,1
48,Other,High,Adventure,17,4245.64,Website,No,3.9,3
23,Other,Medium,Cultural,12,2642.39,Website,Yes,3.6,0
44,Other,Medium,Adventure,12,2728.08,Website,No,3.0,0
57,Female,Medium,Cultural,15,3023.85,Website,Yes,2.7,0
51,Male,Medium,Leisure,12,2708.25,Website,Yes,3.2,0
29,Male,Medium,Leisure,10,2510.57,Agent,No,2.8,0
62,Female,High,Leisure,11,4221.81,App,Yes,4.5,3
24,Male,Medium,Religious,6,1596.48,Website,Yes,3.9,1
27,Male,Medium,Adventure,12,3245.15,App,No,2.9,0
62,Other,Low,Religious,9,1573.56,Website,No,2.9,2
34,Other,High,Cultural,16,4656.99,Website,No,3.7,3
43,Female,Low,Adventure,14,2149.33,Agent,Yes,3.8,0
38,Female,Low,Leisure,7,1764.24,App,Yes,3.2,2
45,Male,Medium,Adventure,12,2301.75,App,No,3.1,0
63,Other,Medium,Leisure,10,2812.32,Agent,Yes,3.5,0
19,Female,Medium,Religious,5,1411.92,Agent,No,3.8,2
60,Female,Medium,Religious,9,3148.41,App,Yes,4.6,1
18,Female,Medium,Leisure,9,1978.99,Website,Yes,3.5,2
68,Female,Low,Leisure,8,694.62,Website,No,2.4,2
53,Female,High,Cultural,11,4065.0,App,Yes,4.2,3
68,Female,Medium,Religious,10,1778.73,Website,Yes,2.8,2
43,Male,Medium,Religious,8,2501.71,Agent,Yes,4.3,1
46,Other,Medium,Cultural,10,2141.85,Agent,Yes,3.7,1
38,Other,Low,Religious,3,1159.91,Agent,Yes,4.8,1
28,Female,Medium,Leisure,9,1938.03,App,Yes,3.4,2
57,Other,Medium,Adventure,17,3590.29,App,Yes,3.5,3
28,Other,Medium,Adventure,16,3574.39,App,No,2.6,0
53,Other,Medium,Religious,8,2284.57,Website,Yes,3.7,1
66,Female,High,Cultural,13,3732.33,App,No,3.0,0
56,Female,Medium,Leisure,11,2812.02,App,Yes,4.3,1
57,Other,High,Adventure,14,4561.78,Agent,Yes,3.9,3
52,Other,Medium,Leisure,10,2583.17,Website,Yes,4.0,1
51,Female,Low,Religious,8,556.32,Website,No,2.5,2
64,Male,Low,Religious,9,1419.15,Agent,No,2.5,2
41,Other,Medium,Adventure,13,1855.06,Website,No,2.9,0
39,Male,Low,Religious,7,1357.41,App,Yes,4.0,1
22,Other,Low,Cultural,8,1424.89,Website,Yes,3.2,2
50,Male,High,Religious,9,3361.37,Agent,No,4.1,1
53,Male,High,Religious,10,3103.17,Website,No,3.2,0
64,Male,Medium,Religious,10,1679.71,Agent,No,2.8,2
37,Female,Low,Leisure,9,1510.88,App,Yes,3.8,1
36,Male,Low,Leisure,7,1340.98,App,No,2.8,2
52,Male,Low,Adventure,14,2507.66,Agent,Yes,3.7,0
69,Male,Medium,Adventure,14,3392.64,App,Yes,3.8,3
60,Other,High,Adventure,15,4637.13,App,Yes,4.2,3
34,Male,Medium,Religious,7,2230.23,Website,Yes,3.2,2
62,Other,Low,Leisure,5,1136.07,App,No,2.5,2
60,Male,Medium,Cultural,13,2584.95,Agent,No,3.4,0
51,Male,Medium,Religious,10,2837.36,App,No,3.9,1
26,Female,Medium,Religious,8,1214.27,Website,No,2.6,2
43,Other,Medium,Religious,9,1780.82,Agent,Yes,3.6,2
19,Male,Medium,Cultural,12,2731.45,App,No,3.4,0
26,Other,Low,Adventure,9,2047.78,App,Yes,4.1,1
26,Other,Low,Cultural,9,1455.9,App,No,2.2,2
57,Female,High,Adventure,17,4102.03,Agent,No,2.9,0
34,Female,Low,Cultural,8,1153.44,Website,No,2.8,2
18,Female,Low,Leisure,8,1980.94,Agent,Yes,4.2,1
42,Female,Low,Religious,5,1132.01,Agent,No,4.2,1
60,Female,Low,Religious,8,1670.04,Website,Yes,3.7,1
57,Female,Medium,Religious,9,1981.51,Agent,Yes,3.3,2
59,Female,High,Adventure,13,3761.03,Agent,No,3.6,3
42,Female,Medium,Cultural,13,2219.65,App,Yes,4.2,1
56,Male,Medium,Leisure,9,1908.56,Agent,No,3.2,2
52,Other,Medium,Cultural,11,3288.39,App,Yes,3.7,3
20,Female,Medium,Religious,8,2316.46,Agent,Yes,4.5,1
67,Female,High,Leisure,13,3729.92,App,No,3.7,3
54,Other,High,Leisure,10,3944.69,App,Yes,4.1,3
61,Male,Low,Religious,8,1509.71,App,Yes,3.8,1
61,Other,Medium,Cultural,13,2927.8,Website,Yes,4.2,3
68,Other,Medium,Religious,10,2751.14,Agent,Yes,4.5,1
47,Female,High,Cultural,13,3261.61,Agent,No,3.3,0
55,Other,Medium,Leisure,9,2636.27,Agent,Yes,3.9,1
51,Other,High,Leisure,10,3516.11,Website,No,4.2,3
29,Female,Medium,Religious,8,1831.85,App,No,2.8,2
36,Female,Low,Leisure,6,1681.59,Agent,Yes,4.2,1
54,Female,Medium,Adventure,9,3335.77,Website,No,3.2,0
61,Female,High,Leisure,12,3375.07,Website,No,3.9,3
66,Other,High,Adventure,17,4899.37,Agent,Yes,4.0,3
34,Other,Low,Leisure,4,1269.96,App,Yes,4.7,1
27,Male,Medium,Religious,6,1980.75,Website,Yes,4.4,1
66,Male,Medium,Religious,10,2249.46,Agent,No,2.7,2
64,Other,Low,Adventure,16,2519.83,App,No,3.5,0
29,Male,Medium,Religious,8,1750.47,Website,Yes,4.4,1
33,Other,Low,Leisure,7,1028.28,Website,No,3.3,2
41,Male,High,Leisure,11,3835.04,Agent,No,3.4,0
36,Female,Medium,Religious,10,2095.97,Agent,No,3.1,2
25,Male,High,Leisure,9,3634.97,App,No,4.0,1
48,Female,Low,Cultural,9,1840.27,Agent,Yes,3.5,2
38,Female,Medium,Cultural,11,2606.35,Agent,No,4.0,1
34,Female,Low,Leisure,6,1295.16,App,No,3.3,2
40,Female,Low,Religious,7,716.1,Agent,No,1.7,2
54,Male,Low,Adventure,15,2846.93,App,Yes,3.8,3
33,Other,Low,Religious,7,1218.87,App,Yes,3.5,2
23,Female,Medium,Adventure,12,3026.51,App,Yes,3.9,3
25,Male,Low,Religious,6,1323.17,Agent,Yes,3.7,2
42,Female,Medium,Leisure,7,2200.55,App,No,3.9,1
35,Male,Medium,Cultural,13,2529.61,Agent,Yes,4.2,3
42,Male,High,Religious,10,3657.57,App,No,3.9,3
29,Male,High,Adventure,14,4187.98,Agent,No,3.4,3
32,Other,Medium,Cultural,16,2589.96,App,No,3.0,0
43,Male,Medium,Adventure,14,2675.1,Website,Yes,3.7,0
58,Male,Low,Leisure,7,1047.9,Website,No,2.6,2
62,Other,High,Cultural,13,3537.59,Website,No,3.6,3
43,Other,Low,Adventure,14,2270.32,App,No,3.2,0
64,Male,Low,Religious,8,1472.44,Agent,Yes,4.3,1
49,Other,Low,Leisure,6,1084.14,App,Yes,4.2,1
27,Female,Medium,Leisure,10,2499.87,App,Yes,3.7,1
33,Female,Low,Leisure,7,1574.69,App,Yes,4.2,1
24,Other,Medium,Religious,11,2701.47,App,Yes,3.5,0
34,Other,Low,Religious,8,1221.92,Agent,Yes,3.8,2
40,Male,Medium,Cultural,11,3044.98,App,No,3.2,0
43,Other,Low,Religious,9,812.88,Website,Yes,2.9,2
38,Male,Low,Cultural,10,2164.73,Website,Yes,3.9,1
39,Female,High,Leisure,12,3229.08,Website,No,2.3,0
24,Other,Low,Cultural,10,2259.25,App,Yes,3.1,2
31,Male,High,Adventure,13,3990.32,Agent,No,3.5,3
32,Male,Medium,Leisure,8,2713.24,Agent,Yes,4.3,1
24,Female,Low,Leisure,9,1475.17,Agent,Yes,3.5,2
26,Other,High,Cultural,12,3801.79,App,Yes,3.5,3
68,Female,Low,Leisure,8,1777.53,Agent,No,2.9,2
65,Male,High,Religious,9,3462.33,Website,Yes,4.6,1
25,Male,Low,Adventure,12,1942.84,Agent,No,3.2,0
67,Other,High,Cultural,17,5006.8,App,Yes,4.1,3
40,Male,Low,Cultural,8,1651.79,App,Yes,4.2,1
46,Other,Medium,Leisure,10,2340.02,Agent,No,3.4,0
35,Female,Medium,Religious,10,2329.41,App,Yes,3.6,1
48,Other,High,Leisure,11,3391.73,Agent,No,3.4,0
47,Other,High,Leisure,12,3908.06,Agent,Yes,3.6,3
69,Male,High,Cultural,12,3596.31,Website,Yes,4.1,3
56,Male,High,Leisure,12,3447.73,App,No,3.9,3
52,Other,Low,Adventure,12,2266.7,Website,No,3.4,0
35,Male,Low,Leisure,9,2062.23,App,Yes,4.4,1
59,Male,Low,Leisure,10,1407.58,Agent,No,2.8,2
56,Male,Medium,Cultural,16,3394.31,App,Yes,4.3,3
34,Other,Medium,Leisure,10,2013.1,Agent,No,3.1,2
31,Male,Medium,Religious,9,2433.35,App,No,4.0,1
48,Other,Low,Cultural,10,1761.27,Website,Yes,3.6,2
41,Male,Medium,Leisure,9,2395.93,Website,Yes,4.3,1
52,Female,Low,Adventure,13,2815.19,Agent,Yes,4.4,3
61,Male,Medium,Adventure,14,2993.16,Website,Yes,3.7,0
62,Male,Medium,Cultural,12,3429.01,Agent,Yes,4.1,3
51,Other,Medium,Cultural,14,2167.24,Agent,No,3.5,0
20,Other,Medium,Leisure,7,2340.27,Agent,No,3.6,1
54,Male,Medium,Religious,11,2549.57,App,Yes,3.3,0
60,Female,Low,Leisure,10,1758.57,Agent,Yes,4.5,1
57,Male,Medium,Adventure,14,2639.37,Website,Yes,3.5,0
43,Male,Low,Religious,4,849.94,App,No,3.2,2
40,Female,Medium,Religious,7,1739.43,Website,Yes,4.4,1
61,Other,Medium,Religious,11,2364.08,Agent,Yes,3.6,0
56,Male,Low,Leisure,8,1650.18,Agent,Yes,3.4,2
32,Other,Low,Adventure,10,2328.71,Website,Yes,4.0,1
66,Other,High,Cultural,13,4453.66,App,Yes,3.6,3
21,Female,High,Leisure,12,3698.68,Website,Yes,4.0,3
46,Female,Medium,Cultural,12,2552.72,Agent,Yes,3.9,0
39,Other,Low,Religious,6,1222.15,App,Yes,3.6,2
42,Male,Low,Religious,6,1890.99,Agent,Yes,3.6,2
30,Other,Medium,Leisure,9,2200.82,Agent,Yes,4.5,1
35,Male,High,Adventure,13,4733.24,Website,Yes,4.4,3
50,Male,Low,Religious,10,1158.46,Agent,No,3.4,2
33,Female,Medium,Cultural,11,2207.06,Website,No,3.0,0
62,Male,Low,Cultural,12,2632.49,App,Yes,3.5,0
59,Male,High,Leisure,14,4447.94,Agent,Yes,4.3,3
61,Other,Medium,Cultural,14,2643.13,Agent,No,3.0,0
19,Female,Medium,Adventure,12,3079.9,App,Yes,3.5,0
52,Male,Medium,Religious,9,2214.6,Website,Yes,4.5,1
59,Male,Medium,Cultural,12,3047.76,Agent,Yes,3.7,0
51,Female,Low,Cultural,9,1943.77,App,No,2.5,2
47,Other,Low,Religious,8,1097.65,Agent,No,3.4,2
30,Female,High,Leisure,9,3657.04,Website,Yes,4.3,1
30,Female,High,Cultural,14,4462.88,Website,Yes,3.9,3
35,Male,High,Leisure,10,3270.77,Website,No,2.9,0
49,Male,Medium,Leisure,10,2119.87,Website,No,3.9,1
49,Other,High,Cultural,14,3510.7,App,No,2.8,0
52,Male,Low,Adventure,12,1622.16,Agent,Yes,3.5,0
56,Male,Medium,Leisure,11,2937.89,App,Yes,4.4,1
63,Female,Medium,Cultural,11,2327.93,Website,No,3.4,0
69,Male,Medium,Leisure,12,2491.94,Website,Yes,3.7,0
46,Other,Medium,Religious,7,2154.44,Website,Yes,3.5,2
66,Female,Low,Adventure,13,2373.26,Website,Yes,3.3,0
46,Other,Medium,Adventure,16,3359.71,Agent,No,3.3,0
61,Female,High,Religious,9,3102.21,Website,No,3.4,0
33,Male,Medium,Religious,7,1942.3,Agent,Yes,4.1,1
61,Female,Low,Leisure,9,1523.43,Website,No,3.3,2
64,Female,Low,Religious,8,1516.24,Agent,Yes,4.1,1
27,Male,Low,Adventure,12,2044.34,Agent,No,2.5,0
47,Male,Low,Religious,8,1203.15,Website,Yes,4.4,1
42,Other,Medium,Cultural,12,2816.43,App,Yes,4.2,3
56,Other,Medium,Cultural,14,3226.63,App,Yes,3.9,3
37,Male,Medium,Leisure,10,2670.22,App,Yes,4.4,1
22,Male,Medium,Adventure,12,3355.32,App,Yes,5.0,3
18,Male,High,Cultural,13,4070.78,App,Yes,3.6,3
47,Female,Low,Religious,10,515.47,Website,No,2.5,2
66,Female,Medium,Cultural,12,2701.54,Website,Yes,2.9,0
20,Female,High,Cultural,11,3979.52,Website,Yes,4.4,3
62,Male,Low,Leisure,10,1602.16,Website,Yes,3.7,1
31,Other,Low,Religious,6,1072.46,Website,Yes,3.6,2
47,Male,High,Religious,7,3582.29,Website,Yes,4.6,1
67,Female,Medium,Religious,10,1902.78,Agent,No,2.3,2
21,Female,Medium,Leisure,8,1853.54,Agent,Yes,4.0,1
35,Male,Low,Religious,7,778.19,Website,No,3.4,2
54,Male,Medium,Religious,9,1696.12,Website,No,2.9,2
42,Female,Medium,Cultural,12,2571.5,Agent,Yes,4.0,1
65,Female,Low,Cultural,12,2123.76,Agent,Yes,3.0,0
18,Female,Medium,Religious,7,1688.83,Website,No,3.5,2
63,Male,Low,Adventure,13,2523.59,Agent,Yes,3.6,0
32,Female,Medium,Adventure,13,3413.47,App,Yes,3.7,3
26,Female,Low,Religious,8,1685.4,App,No,2.9,2
32,Other,Low,Adventure,13,2418.51,App,Yes,3.5,0
66,Male,Low,Leisure,7,1764.88,Agent,Yes,4.1,1
41,Other,Low,Cultural,12,1353.61,Website,No,2.3,2
21,Other,High,Leisure,10,3232.47,Website,Yes,4.0,1
29,Female,Low,Cultural,11,1610.9,Website,Yes,3.5,2
54,Male,Medium,Adventure,14,2797.75,Agent,No,2.7,0
54,Female,Low,Adventure,15,2309.22,Agent,No,3.7,0
60,Male,Medium,Religious,9,3276.1,App,Yes,4.0,1
23,Other,High,Adventure,14,4171.56,Agent,Yes,3.8,3
56,Male,Low,Adventure,12,2056.39,App,No,2.6,0
63,Female,High,Religious,10,3427.44,App,No,4.4,3
41,Female,Low,Religious,8,1435.12,Website,Yes,3.9,1
28,Female,Medium,Cultural,9,2690.44,Agent,Yes,3.7,1
30,Male,Medium,Adventure,12,3336.6,Website,Yes,4.5,3
51,Other,High,Cultural,12,2828.46,Website,No,3.4,0
42,Other,Medium,Cultural,13,1805.3,Agent,No,3.0,0
24,Male,Medium,Leisure,11,1962.61,Agent,No,2.9,0
69,Female,Low,Adventure,13,2635.57,App,No,2.8,0
21,Other,Low,Adventure,11,1876.68,App,Yes,3.8,1
25,Female,High,Leisure,11,2964.09,App,Yes,3.8,0
37,Male,Medium,Cultural,13,2817.73,App,No,3.9,3
46,Female,Medium,Adventure,12,2704.47,Website,No,2.7,0
68,Other,Medium,Cultural,13,2574.31,Website,Yes,4.3,3
62,Other,Medium,Leisure,12,2465.71,Agent,Yes,3.7,0
63,Female,High,Religious,11,3215.45,App,No,3.6,0
27,Male,Medium,Cultural,11,2909.54,App,Yes,4.3,1
60,Female,Medium,Adventure,15,3393.48,App,Yes,3.6,3
51,Male,High,Religious,6,2994.6,Website,No,4.6,1
43,Female,Low,Cultural,11,749.99,Agent,No,1.6,2
58,Other,Low,Cultural,9,1554.32,Website,Yes,3.3,2
66,Male,Medium,Religious,6,1533.56,Agent,No,3.0,2
20,Male,Low,Religious,7,1224.47,Agent,Yes,3.1,2
23,Male,Medium,Religious,10,1984.96,Website,Yes,3.6,1
22,Other,High,Adventure,14,4470.73,Website,Yes,4.3,3
22,Female,Medium,Adventure,14,2223.58,Agent,No,3.3,0
64,Other,Medium,Cultural,15,2615.02,Website,No,3.1,0
40,Male,High,Cultural,15,3848.88,Website,No,3.1,0
66,Female,Medium,Leisure,13,2998.37,Agent,No,3.4,0
26,Other,Medium,Adventure,14,3056.85,Agent,Yes,3.9,3
52,Male,Medium,Cultural,12,3158.71,App,Yes,4.4,3
37,Male,High,Religious,7,2695.22,Website,Yes,4.7,1
66,Other,Medium,Religious,9,1733.79,Agent,Yes,3.7,1
59,Other,Medium,Adventure,13,3009.81,Website,No,2.9,0
52,Other,High,Religious,14,3329.71,Website,No,3.0,0
67,Male,Medium,Leisure,10,2619.93,Agent,No,3.2,0
35,Other,Medium,Cultural,11,2504.36,App,Yes,3.7,0
34,Male,High,Cultural,14,4297.35,Agent,Yes,4.2,3
41,Other,Medium,Cultural,11,3357.02,Agent,Yes,4.4,3
20,Male,Medium,Adventure,15,3207.29,Website,Yes,3.8,3
49,Male,High,Religious,9,3799.35,App,Yes,4.6,3
52,Female,Medium,Leisure,10,2593.94,Agent,Yes,4.0,1
55,Other,Medium,Adventure,13,2665.11,Website,Yes,3.6,0
30,Other,High,Cultural,11,4348.05,Agent,Yes,4.1,3
64,Male,High,Leisure,11,3578.12,Website,Yes,3.5,0
42,Male,Medium,Cultural,11,2952.72,Agent,Yes,3.7,0
26,Male,Low,Cultural,9,1482.47,App,Yes,3.8,1
21,Female,Medium,Adventure,12,2702.54,Agent,Yes,3.6,0
31,Female,Medium,Cultural,9,2906.9,Website,Yes,4.1,1
54,Male,Medium,Leisure,10,2497.19,Agent,Yes,4.1,1
51,Other,Medium,Cultural,9,3312.36,App,Yes,4.6,1
28,Other,Medium,Religious,9,2387.91,App,Yes,3.6,1
58,Female,Medium,Cultural,12,2538.81,App,Yes,4.2,1
20,Female,Low,Adventure,9,2089.0,App,No,3.7,1
45,Male,Medium,Leisure,9,1769.41,Website,No,2.7,2
46,Other,Medium,Adventure,12,2990.98,Agent,No,3.0,0
26,Male,Low,Religious,7,1488.94,App,Yes,4.3,1
20,Female,Low,Cultural,11,1428.44,Agent,Yes,3.4,2
42,Other,Medium,Adventure,11,2600.66,Website,No,2.4,0
51,Other,Medium,Adventure,14,3985.24,Agent,Yes,3.5,3
29,Female,Low,Adventure,11,1984.27,Agent,No,3.0,0
59,Male,High,Adventure,16,4819.12,App,Yes,3.7,3
26,Male,Medium,Religious,8,2663.98,App,Yes,4.1,1
32,Other,High,Religious,9,2994.58,Website,No,3.7,1
57,Female,Medium,Cultural,11,2939.24,Agent,Yes,4.6,1
42,Other,Medium,Cultural,10,2263.89,Website,Yes,3.7,1
22,Female,High,Leisure,12,3681.53,Website,Yes,4.6,3
28,Male,Medium,Religious,8,2362.01,Website,Yes,4.7,1
51,Female,Medium,Adventure,17,3405.56,App,Yes,4.3,3
41,Male,Low,Adventure,12,2933.72,App,Yes,4.0,3
32,Female,Medium,Leisure,8,1943.86,Agent,No,2.5,2
55,Other,Low,Adventure,10,1640.05,Agent,No,3.2,2
25,Male,Low,Leisure,5,1655.67,Agent,Yes,4.7,1
22,Other,Low,Cultural,7,1325.34,App,No,3.1,2
65,Other,Low,Religious,8,1964.23,App,Yes,4.6,1
43,Male,High,Leisure,12,3628.85,Website,Yes,4.5,3
35,Male,Low,Adventure,9,1878.43,App,No,3.4,2
23,Other,Medium,Leisure,10,2044.44,Website,No,3.6,1
54,Other,High,Cultural,13,3718.65,Website,No,3.6,3
65,Other,Medium,Adventure,14,2947.72,App,Yes,2.8,0
30,Other,Low,Cultural,12,1515.0,Website,Yes,3.3,0
45,Male,Medium,Cultural,13,2665.2,Website,No,3.6,0
22,Male,Medium,Leisure,8,2281.74,Agent,Yes,3.7,1
30,Other,Medium,Cultural,10,1974.26,Website,No,3.0,2
34,Female,Medium,Adventure,10,2743.8,App,Yes,3.6,1
67,Female,High,Cultural,13,3672.46,App,No,4.2,3
57,Male,Medium,Cultural,12,2179.84,Website,Yes,4.3,1
62,Other,Medium,Leisure,9,2550.99,Agent,Yes,3.7,1
49,Other,Medium,Cultural,11,2806.84,App,Yes,4.0,1
46,Male,Low,Religious,7,891.4,App,No,2.6,2
68,Female,High,Leisure,11,3510.94,Agent,No,3.8,3
20,Female,Low,Leisure,6,1350.57,Website,Yes,4.0,1
57,Female,Medium,Adventure,14,3734.34,App,No,3.7,3
51,Male,High,Adventure,16,4042.81,Website,Yes,4.1,3
57,Female,Medium,Adventure,12,3434.19,Website,Yes,5.0,3
44,Male,Medium,Adventure,16,3553.31,Website,Yes,3.4,3
30,Male,Medium,Religious,8,1827.65,Website,Yes,3.2,2
62,Other,High,Leisure,12,4172.35,App,Yes,4.1,3
50,Female,Medium,Cultural,13,2824.09,Agent,Yes,3.2,0
23,Male,High,Adventure,15,4252.08,App,No,2.9,0
41,Female,Low,Adventure,13,2469.12,Agent,No,2.7,0
36,Female,Medium,Adventure,14,2883.06,Website,No,2.8,0
33,Other,High,Cultural,12,4168.96,Agent,Yes,3.9,3
57,Female,Low,Adventure,13,1817.28,Website,No,3.1,0
45,Other,Medium,Cultural,10,2061.16,App,No,3.0,2
50,Male,Low,Leisure,8,1748.84,App,Yes,3.7,1
65,Female,Medium,Leisure,10,2618.36,Agent,No,3.7,1
58,Male,Medium,Leisure,10,2013.23,Website,Yes,3.4,2
30,Female,Medium,Religious,8,1744.85,Website,Yes,3.7,1
60,Male,Low,Cultural,8,1949.26,Agent,Yes,4.0,1
62,Female,Low,Adventure,12,2015.98,Website,Yes,2.8,0
42,Female,Low,Adventure,12,1573.62,Website,No,1.9,2
59,Female,Medium,Adventure,14,3089.3,Website,Yes,4.0,3
53,Female,Medium,Adventure,12,2956.69,App,Yes,4.1,3
44,Female,High,Religious,12,3179.14,App,No,4.2,3
55,Female,Medium,Adventure,13,3247.4,App,No,3.4,0
24,Female,Medium,Religious,9,1299.17,Website,No,3.3,2
22,Female,High,Cultural,13,3692.01,App,Yes,4.0,3
60,Female,Medium,Leisure,9,2232.37,Website,Yes,4.0,1
62,Male,High,Adventure,18,4490.96,Website,No,4.0,3
68,Other,Medium,Leisure,8,2492.3,Agent,Yes,3.3,2
48,Female,Low,Cultural,12,1802.0,Website,Yes,3.7,0
40,Other,Low,Cultural,11,2154.68,App,Yes,4.6,1
59,Female,Medium,Adventure,13,2932.66,App,Yes,3.9,3
27,Female,Low,Cultural,12,1984.79,Website,Yes,4.3,1
49,Male,Medium,Leisure,9,2781.41,App,Yes,3.9,1
60,Male,Medium,Adventure,14,3098.58,Website,Yes,3.8,3
47,Other,Medium,Religious,9,2658.15,Agent,Yes,4.1,1
56,Male,Medium,Adventure,14,2863.13,Website,Yes,2.9,0
48,Male,Low,Leisure,9,1899.75,Website,Yes,3.3,2
35,Other,Medium,Adventure,14,2892.72,Agent,No,2.7,0
53,Male,Medium,Adventure,11,2805.41,App,No,3.7,0
19,Female,High,Leisure,12,3740.41,Agent,Yes,4.5,3
31,Other,Medium,Adventure,11,3014.2,Agent,Yes,4.1,3
30,Other,High,Adventure,16,4757.46,Website,Yes,4.4,3
46,Female,Medium,Leisure,11,2148.37,Website,Yes,3.7,1
29,Male,Medium,Cultural,9,2387.62,Agent,Yes,4.5,1
56,Other,Low,Leisure,8,2152.27,App,Yes,4.0,1
19,Other,Medium,Adventure,11,2407.72,Agent,No,3.2,0
49,Female,Medium,Religious,8,2326.54,App,No,3.4,2
30,Female,Medium,Religious,8,2721.21,Agent,Yes,4.5,1
63,Male,Medium,Leisure,11,2585.84,Agent,Yes,3.7,0
44,Other,Medium,Religious,10,2355.78,App,No,3.7,1
66,Male,Medium,Adventure,16,3175.27,Agent,Yes,3.3,0
58,Male,Medium,Adventure,13,2977.8,Website,No,2.8,0
34,Female,Low,Leisure,7,1581.2,Agent,Yes,4.1,1
57,Other,High,Adventure,13,4088.29,Website,No,3.5,3
48,Other,Low,Cultural,9,1467.7,App,No,2.8,2
51,Other,Low,Adventure,14,1778.05,App,No,3.2,0
41,Female,Medium,Leisure,12,2657.35,Website,Yes,3.6,0
62,Female,Medium,Cultural,10,2222.36,Agent,Yes,3.7,1
52,Female,Medium,Cultural,11,2606.17,Website,Yes,4.4,1
65,Female,Low,Religious,8,1318.73,Website,No,3.6,2
23,Female,Medium,Adventure,13,3333.95,App,Yes,4.6,3
36,Other,Medium,Leisure,8,2825.88,Website,Yes,4.2,1
47,Male,High,Religious,11,3983.91,Agent,Yes,4.8,3
24,Other,High,Religious,9,3095.21,Website,Yes,3.9,1
27,Male,Medium,Adventure,13,3304.57,App,Yes,3.6,0
58,Female,Medium,Adventure,15,3407.17,Agent,Yes,2.9,0
49,Male,Medium,Leisure,10,2251.72,App,Yes,4.5,1
51,Other,Low,Religious,7,1024.26,Website,Yes,3.2,2
45,Other,Medium,Leisure,9,1778.15,Website,No,3.1,2
32,Male,Medium,Religious,8,1360.51,App,No,2.7,2
47,Female,High,Religious,10,3380.62,App,No,3.9,3
54,Female,Low,Religious,7,1396.65,Agent,Yes,3.6,2
46,Other,Medium,Adventure,16,2669.51,App,No,2.5,0
39,Male,Medium,Religious,9,2587.64,App,Yes,4.2,1
21,Female,Medium,Religious,7,2171.14,Website,Yes,3.6,1
37,Female,Low,Religious,8,1364.49,Website,Yes,3.3,2
49,Other,High,Cultural,13,4209.16,App,Yes,3.4,3
53,Female,Medium,Adventure,16,3783.81,App,Yes,3.3,3
67,Male,Medium,Cultural,13,2700.44,Website,No,3.2,0
21,Other,Low,Adventure,11,2288.6,Agent,Yes,3.0,0
44,Other,Medium,Leisure,10,2303.99,Agent,Yes,3.3,0
34,Male,Medium,Cultural,9,2724.36,Agent,Yes,4.1,1
29,Other,Low,Leisure,6,1795.02,Agent,Yes,3.9,1
39,Female,Low,Religious,5,947.39,Website,Yes,4.5,1
34,Female,High,Leisure,11,4540.76,App,Yes,5.0,3
27,Male,Low,Leisure,10,1108.69,Agent,No,2.5,2
18,Female,Low,Leisure,11,1541.1,Website,Yes,3.7,1
39,Male,Medium,Leisure,10,2474.63,App,Yes,4.2,1
43,Male,Medium,Adventure,14,2953.36,Agent,No,2.9,0
35,Female,Low,Cultural,7,953.71,App,No,2.3,2
67,Male,Medium,Adventure,13,2782.56,Agent,No,3.2,0
31,Female,Low,Adventure,10,1608.74,App,No,2.9,2
64,Other,Low,Adventure,12,2511.98,Agent,Yes,3.6,0
46,Other,Low,Leisure,8,1939.71,Agent,Yes,4.1,1
29,Male,High,Adventure,14,4360.18,App,No,3.3,3
53,Female,Low,Cultural,7,854.88,App,No,2.4,2
52,Female,Low,Adventure,13,3234.0,App,Yes,4.0,3
69,Other,Medium,Religious,8,2344.96,Website,Yes,4.2,1
29,Other,High,Leisure,11,2953.43,Website,No,2.9,0
24,Female,Low,Religious,10,1698.51,App,Yes,4.0,1
46,Male,Medium,Cultural,10,2664.23,Website,Yes,3.3,0
28,Other,Low,Cultural,6,1431.32,Agent,Yes,3.7,2
50,Male,Medium,Cultural,11,2650.75,App,No,3.2,0
23,Male,Medium,Cultural,13,2094.13,Website,No,2.7,0
64,Other,Medium,Adventure,17,3600.07,App,Yes,3.6,3
32,Male,Medium,Leisure,7,2105.49,Agent,Yes,4.9,1
49,Male,Medium,Cultural,12,2466.57,Agent,Yes,3.4,0
68,Female,Low,Religious,7,1435.13,Website,Yes,4.7,1
28,Male,Medium,Cultural,11,2906.97,Agent,Yes,4.2,1
40,Female,Low,Leisure,12,2155.84,App,Yes,3.7,0
43,Other,Medium,Religious,6,2252.35,Website,Yes,4.6,1
51,Other,High,Religious,11,3543.68,App,No,4.6,3
63,Female,High,Religious,11,3346.56,App,No,3.1,0
51,Other,High,Adventure,17,5108.28,App,Yes,3.7,3
46,Male,Medium,Cultural,12,2474.12,Agent,Yes,3.5,0
21,Male,Medium,Adventure,13,2596.17,App,No,3.1,0
34,Male,Low,Religious,6,1022.12,Agent,Yes,2.9,2
52,Other,Medium,Adventure,14,3405.39,App,No,3.3,0
30,Male,Medium,Adventure,13,3444.21,Agent,Yes,4.7,3
58,Other,Medium,Adventure,15,3167.57,Agent,No,3.2,0
56,Male,Medium,Cultural,11,2792.96,Agent,No,3.2,0
32,Female,Low,Religious,7,847.59,App,No,2.6,2
46,Other,Medium,Religious,9,2205.95,App,No,3.7,1
46,Other,High,Cultural,15,3823.82,Agent,No,3.0,0
28,Male,Low,Adventure,11,2635.44,App,Yes,4.6,1
69,Other,Medium,Adventure,12,3261.81,Agent,Yes,4.8,3
49,Other,High,Leisure,13,3990.89,App,Yes,4.2,3
19,Female,Medium,Leisure,7,2008.65,Agent,No,3.5,2
64,Female,Medium,Leisure,9,2454.23,Agent,No,3.8,1
31,Male,Low,Cultural,9,1475.87,Website,Yes,4.0,1
37,Female,Medium,Religious,10,2498.05,App,Yes,3.6,1
39,Male,High,Leisure,8,3038.84,App,No,3.6,1
28,Male,Medium,Religious,13,1601.96,Website,Yes,2.9,0
44,Male,Medium,Religious,10,2461.51,Agent,Yes,4.1,1
20,Other,Low,Religious,7,1084.05,Agent,No,3.2,2
34,Female,Low,Cultural,10,1830.0,Website,Yes,3.1,2
61,Male,High,Cultural,14,3541.51,Website,Yes,3.8,3
45,Female,Medium,Cultural,12,2771.12,Agent,Yes,3.3,0
46,Male,Medium,Cultural,13,2425.87,App,Yes,3.3,0
38,Female,Low,Leisure,9,1922.29,Website,Yes,4.0,1
64,Female,Medium,Adventure,14,2915.56,Website,Yes,3.5,0
33,Male,High,Adventure,14,4663.0,Website,Yes,4.1,3
54,Other,Medium,Adventure,14,3475.14,Website,Yes,3.3,0
37,Female,Low,Leisure,8,1176.2,Website,Yes,3.6,2
23,Other,Medium,Adventure,15,2756.54,Website,Yes,3.7,0
36,Other,Medium,Leisure,10,2216.49,Agent,No,2.9,2
22,Male,Medium,Leisure,4,1828.08,Agent,Yes,4.6,1
20,Male,High,Leisure,11,3172.12,Website,No,3.5,0
18,Male,Medium,Adventure,13,2556.53,Agent,No,2.8,0
55,Female,High,Religious,10,3272.03,App,Yes,3.6,0
32,Male,Medium,Adventure,13,2252.24,App,No,3.8,0
51,Male,Low,Adventure,14,2444.38,Website,Yes,3.4,0
52,Female,Medium,Cultural,13,2552.91,App,No,3.1,0
66,Female,Low,Leisure,8,1725.45,App,Yes,4.2,1
42,Male,High,Religious,11,3460.14,Agent,No,5.0,3
41,Male,Medium,Cultural,10,3088.41,Agent,Yes,3.6,0
29,Male,Medium,Religious,6,1604.61,Agent,No,3.6,2
35,Male,Medium,Religious,7,2074.2,Agent,Yes,3.8,1
32,Other,Low,Leisure,9,1531.42,App,No,2.8,2
61,Other,Medium,Adventure,15,2879.3,Website,Yes,3.4,0
33,Male,Medium,Leisure,10,2163.32,Agent,No,2.7,2
44,Other,Low,Leisure,9,2006.94,App,Yes,3.8,1
25,Female,Medium,Cultural,12,2980.45,Agent,Yes,3.3,0
63,Other,Low,Leisure,8,895.35,App,No,3.2,2
42,Other,Medium,Adventure,14,2652.97,Agent,No,3.1,0
34,Male,Medium,Religious,9,1877.9,Website,Yes,3.9,1
46,Other,Low,Leisure,9,1331.34,Agent,No,2.8,2
25,Other,High,Religious,11,3160.6,Website,No,3.3,0
32,Other,Low,Leisure,9,1680.39,Agent,No,3.2,2
44,Other,Low,Religious,8,1332.89,Agent,Yes,3.1,2
63,Female,Low,Leisure,10,1697.1,Agent,Yes,3.5,2
67,Male,Medium,Cultural,12,3081.28,App,No,3.0,0
69,Male,Medium,Religious,8,2645.35,App,Yes,3.9,1
24,Female,Medium,Leisure,9,2621.67,Website,Yes,3.2,2
20,Other,Low,Leisure,6,1327.99,Website,Yes,4.4,1
46,Female,Low,Cultural,9,1704.24,App,Yes,3.4,2
61,Other,Medium,Cultural,12,2006.44,Website,No,3.5,0
41,Female,High,Cultural,12,3040.92,Website,No,3.8,3
20,Male,High,Religious,9,3769.99,App,Yes,4.0,3
37,Male,Low,Religious,4,1712.96,App,Yes,4.2,1
63,Male,Medium,Cultural,12,3671.18,App,Yes,5.0,3
32,Other,High,Adventure,15,4894.31,App,Yes,4.9,3
42,Other,Medium,Adventure,12,3510.23,Agent,Yes,4.1,3
47,Female,High,Leisure,12,3462.37,App,No,3.6,3
31,Female,Low,Adventure,13,1469.45,Website,No,2.6,0
24,Male,High,Leisure,8,3786.4,Agent,Yes,4.9,1
34,Other,Medium,Religious,7,1896.68,Agent,No,3.1,2
61,Female,High,Religious,9,3508.61,Website,Yes,3.6,1
37,Other,Medium,Adventure,12,2852.59,Agent,No,2.8,0
53,Other,Medium,Religious,10,2393.33,Website,Yes,3.9,1
26,Male,High,Cultural,12,3966.52,Agent,No,3.2,0
55,Male,Low,Cultural,10,2394.87,Agent,Yes,3.9,1
65,Other,Medium,Adventure,11,3229.64,Website,Yes,3.7,0
39,Other,Medium,Adventure,14,3370.12,Website,Yes,3.6,3
19,Other,Medium,Leisure,7,2250.59,Website,Yes,4.5,1
41,Other,High,Religious,10,3298.03,Website,Yes,4.3,1
25,Male,Low,Leisure,8,1913.35,App,Yes,3.9,1
28,Female,Medium,Leisure,11,2263.03,App,Yes,4.1,1
30,Male,Medium,Cultural,9,2387.54,Website,No,3.6,1
34,Female,Low,Cultural,5,1393.02,App,Yes,4.6,1
25,Other,Medium,Cultural,11,2252.12,Website,No,3.0,0
38,Female,Low,Cultural,13,1697.83,Website,Yes,3.3,0
35,Male,Medium,Leisure,11,2332.39,Agent,No,2.7,0
47,Male,High,Cultural,13,3586.2,Website,No,3.3,0
35,Other,Medium,Religious,8,1607.95,Website,Yes,4.1,1
63,Male,Medium,Cultural,13,2602.59,Website,No,3.7,0
64,Other,High,Cultural,12,3848.0,Website,Yes,4.6,3
48,Male,Medium,Cultural,12,2755.72,Agent,No,2.5,0
55,Male,High,Adventure,16,4516.77,Website,Yes,4.5,3
49,Other,Medium,Religious,10,2545.0,Agent,Yes,3.2,0
28,Female,High,Religious,14,3324.11,Website,Yes,4.2,3
62,Male,Low,Leisure,9,1604.58,Agent,Yes,3.5,2
42,Female,High,Leisure,10,3753.78,App,Yes,4.7,3
50,Male,Low,Cultural,10,1838.39,Agent,No,2.5,2
55,Male,Medium,Adventure,11,3669.59,Agent,Yes,4.7,3
58,Male,Medium,Leisure,9,2169.82,Website,Yes,3.3,2
25,Male,Medium,Leisure,8,2659.43,Agent,Yes,4.0,1
28,Female,Medium,Cultural,10,2020.47,Agent,Yes,3.3,2
39,Female,Medium,Cultural,12,2338.12,Website,Yes,3.0,0
68,Male,Medium,Leisure,9,2073.74,App,No,3.3,2
41,Male,Low,Leisure,10,1480.62,App,Yes,4.3,1
58,Female,Low,Religious,7,1166.3,App,Yes,4.7,1
34,Other,Low,Adventure,12,2445.28,Agent,Yes,3.8,0
29,Other,Medium,Religious,8,1992.16,Website,Yes,4.4,1
63,Female,Low,Leisure,9,1650.2,App,No,3.2,2
49,Male,Medium,Religious,10,2783.52,App,Yes,4.2,1
32,Male,Medium,Religious,7,2391.06,App,Yes,4.1,1
33,Other,Low,Leisure,7,1863.71,App,Yes,4.1,1
39,Other,Medium,Cultural,11,2615.52,Website,Yes,4.1,1
45,Female,High,Leisure,9,3490.28,App,Yes,4.2,1
37,Other,Low,Cultural,9,2173.72,Agent,Yes,3.9,1
50,Female,Medium,Leisure,9,1944.64,Agent,No,3.2,2
27,Other,Medium,Leisure,10,2035.7,Website,Yes,4.1,1
57,Other,Medium,Leisure,10,2713.0,App,Yes,3.6,1
49,Other,Medium,Adventure,14,3192.53,App,Yes,3.8,3
67,Male,Medium,Cultural,13,2921.15,Agent,Yes,4.6,3
50,Male,Medium,Adventure,13,3214.59,Website,Yes,4.4,3
19,Male,Low,Leisure,8,1210.88,Agent,No,3.5,2
50,Other,Medium,Religious,9,1552.03,Website,No,3.0,2
50,Female,Medium,Adventure,14,3025.06,Website,Yes,3.9,3
58,Female,Low,Cultural,10,2193.68,Website,Yes,4.2,1
30,Female,Medium,Leisure,5,2330.3,Agent,Yes,5.0,1
47,Female,High,Adventure,15,5038.9,Website,Yes,3.5,3
50,Male,Medium,Religious,11,2445.41,Agent,No,2.7,0
30,Male,Medium,Adventure,14,3164.66,Agent,No,3.8,3
69,Other,High,Cultural,15,3710.02,App,No,3.2,0
43,Other,Medium,Adventure,15,3575.53,Agent,Yes,3.6,3
39,Female,Medium,Religious,8,2240.44,Agent,Yes,3.5,2
56,Male,Medium,Religious,9,1986.08,App,No,3.0,2
19,Female,High,Cultural,11,3686.78,App,No,3.1,0
55,Other,Medium,Religious,8,2369.94,App,No,4.3,1
56,Other,Medium,Leisure,11,2671.63,Website,Yes,3.9,1
43,Female,Medium,Religious,10,1982.83,Website,Yes,3.7,1
63,Other,High,Leisure,11,4279.11,App,Yes,4.7,3
67,Female,Medium,Adventure,14,3065.1,Website,Yes,4.2,3
32,Male,Low,Leisure,8,1786.38,App,Yes,4.2,1
51,Female,High,Leisure,12,3265.37,Website,No,3.8,3
59,Male,Medium,Adventure,12,3180.72,Agent,Yes,3.7,0
61,Male,Low,Religious,4,1406.25,Website,Yes,4.2,1
66,Other,Medium,Leisure,9,1739.32,Website,No,3.4,2
57,Other,Medium,Religious,7,2869.93,Agent,Yes,4.3,1
28,Other,High,Adventure,14,3615.05,App,No,3.4,0
20,Female,Low,Cultural,9,1442.08,Website,Yes,3.7,2
23,Female,High,Religious,9,3397.44,Website,Yes,4.7,1
26,Other,Medium,Religious,10,2086.67,Agent,No,2.5,2
23,Female,Low,Cultural,10,1416.23,Agent,No,3.2,2
26,Other,High,Cultural,13,4024.16,Agent,Yes,4.1,3
56,Female,Medium,Adventure,15,3134.54,Agent,No,3.5,0
48,Male,Low,Religious,5,1402.06,App,Yes,4.4,1
49,Male,Medium,Religious,10,2694.33,Website,Yes,4.6,1
58,Other,High,Adventure,15,4723.18,Website,Yes,4.7,3
67,Female,Medium,Religious,10,2628.22,Website,Yes,4.5,1
29,Female,Low,Leisure,6,596.53,Website,No,3.3,2
25,Male,Low,Leisure,5,1082.56,App,No,3.3,2
25,Male,Low,Leisure,9,956.24,Website,No,2.8,2
67,Other,Medium,Religious,10,1964.7,App,No,3.5,2
45,Male,Medium,Leisure,8,2694.43,App,Yes,4.5,1
37,Other,Low,Leisure,6,915.08,Agent,No,2.8,2
64,Male,Low,Adventure,14,2388.0,Agent,No,3.2,0
24,Male,Medium,Adventure,11,2140.32,Website,No,3.1,0
28,Female,High,Cultural,15,4437.09,App,No,3.2,3
37,Male,Medium,Cultural,10,2047.48,Agent,No,3.7,1
33,Male,High,Cultural,14,4352.17,App,Yes,4.2,3
21,Other,Medium,Cultural,10,2473.93,Agent,No,4.1,1
23,Male,Low,Adventure,12,1845.18,App,No,2.3,0
39,Other,High,Adventure,14,4172.12,Website,No,3.3,3
43,Male,Medium,Adventure,13,2707.62,Website,Yes,3.8,0
20,Male,Medium,Leisure,9,2957.01,App,Yes,4.7,1
58,Other,High,Leisure,10,3425.62,Agent,No,3.8,3
59,Female,Low,Cultural,12,1967.45,Agent,Yes,3.7,0
31,Other,Low,Leisure,7,866.62,Website,No,2.4,2
28,Other,Medium,Religious,8,2294.05,Website,Yes,3.6,1
35,Other,Low,Adventure,10,1881.04,Website,Yes,3.8,1
29,Female,Low,Cultural,6,1411.57,Agent,Yes,3.3,2
40,Male,Low,Cultural,10,1864.92,Agent,Yes,3.5,2
29,Other,Low,Religious,10,1023.29,Website,Yes,3.6,2
30,Other,Medium,Leisure,10,3177.54,App,Yes,3.8,1
42,Female,Low,Cultural,10,1771.46,Agent,Yes,4.3,1
62,Other,Medium,Leisure,10,2740.86,Website,Yes,4.5,1
68,Male,Medium,Leisure,10,2884.22,App,Yes,3.4,0
36,Female,Medium,Religious,9,2006.02,Agent,Yes,3.5,2
63,Male,Low,Cultural,9,2134.59,App,Yes,3.0,2
53,Male,Medium,Leisure,11,2641.58,App,No,3.0,0
62,Female,Low,Leisure,10,1784.9,Agent,Yes,4.0,1
25,Other,Medium,Religious,9,2454.31,Website,Yes,3.8,1
46,Male,High,Religious,11,3727.83,App,No,3.8,3
49,Male,Medium,Leisure,10,2702.05,Website,Yes,3.4,0
68,Male,Medium,Religious,10,1983.48,Agent,No,3.5,2
61,Male,Medium,Leisure,11,2122.42,App,No,2.9,0
35,Female,Medium,Cultural,11,2732.3,App,Yes,3.9,1
23,Female,High,Adventure,14,4595.25,App,Yes,4.2,3
35,Male,High,Religious,10,3870.11,App,Yes,3.9,3
36,Other,Medium,Adventure,16,2869.9,App,Yes,3.2,0
39,Male,Medium,Leisure,7,2343.94,Agent,Yes,4.6,1
54,Other,High,Leisure,9,3938.8,App,Yes,4.8,3
49,Male,High,Leisure,11,3353.11,Agent,No,4.0,3
58,Other,Medium,Adventure,14,3598.76,Website,Yes,4.1,3
20,Male,Medium,Leisure,9,2497.91,Agent,Yes,4.1,1
45,Other,Low,Religious,7,1569.43,App,No,2.5,2
27,Male,High,Cultural,12,3771.59,Website,Yes,4.1,3
68,Male,Low,Cultural,13,2532.62,Agent,Yes,3.7,0
52,Other,Medium,Religious,6,2691.9,Agent,Yes,5.0,1
46,Female,Low,Cultural,9,2294.88,Agent,Yes,4.2,1
32,Other,Low,Adventure,11,1673.73,App,No,3.6,2
50,Female,Medium,Leisure,7,2475.27,App,Yes,4.6,1
24,Male,High,Leisure,10,3547.83,Agent,Yes,4.0,3
29,Other,Low,Leisure,10,1823.15,Agent,Yes,3.7,1
66,Other,Medium,Adventure,14,3457.28,Website,Yes,4.0,3
47,Other,Low,Adventure,12,2284.71,App,Yes,3.3,0
38,Female,Low,Adventure,10,1991.73,App,No,3.0,2
48,Female,Medium,Religious,8,1145.4,Website,No,2.8,2
41,Male,Medium,Adventure,13,3648.96,Agent,Yes,4.7,3
37,Female,Low,Cultural,9,1702.66,Agent,Yes,2.9,2
54,Female,Medium,Religious,11,1978.14,Website,No,3.5,0
21,Male,Low,Religious,7,1213.48,Agent,Yes,3.3,2
45,Other,Medium,Religious,7,2570.18,Agent,Yes,3.8,1
61,Other,High,Adventure,16,3695.12,Website,Yes,4.3,3
37,Male,High,Religious,11,3471.39,Website,Yes,4.5,3
41,Other,Medium,Adventure,15,3154.63,Website,Yes,4.3,3
67,Female,Medium,Adventure,17,3050.29,Agent,No,3.4,0
66,Male,High,Religious,9,3619.24,Website,No,4.7,1
68,Male,Low,Leisure,8,1485.18,Agent,Yes,3.9,1
49,Male,High,Leisure,9,4097.92,App,Yes,4.6,3
58,Other,High,Religious,10,3528.25,App,No,3.9,3
53,Male,Low,Leisure,9,1964.83,Website,Yes,4.3,1
51,Male,Low,Cultural,12,1506.22,Agent,No,2.5,2
53,Male,High,Cultural,13,3956.49,Agent,Yes,3.9,3
19,Other,Medium,Adventure,12,3375.2,Agent,Yes,3.9,3
32,Female,Low,Leisure,8,1548.97,Website,Yes,2.9,2
51,Male,Low,Cultural,9,1062.9,Agent,No,2.9,2
53,Female,Medium,Religious,12,2404.58,Agent,Yes,3.0,0
23,Other,Medium,Leisure,6,2322.29,Agent,Yes,4.5,1
56,Other,Medium,Cultural,12,3332.71,App,Yes,4.4,3
59,Other,High,Cultural,16,3782.61,Agent,No,3.1,0
68,Other,Low,Religious,8,477.1,App,No,3.3,2
68,Female,Medium,Adventure,14,3168.34,Agent,No,2.7,0
29,Male,Medium,Religious,8,1440.28,Agent,No,3.5,2
20,Other,Medium,Adventure,13,2506.17,Agent,Yes,4.0,0
62,Other,Low,Cultural,13,1521.68,App,Yes,2.7,0
35,Female,High,Adventure,11,4510.57,Agent,Yes,5.0,3
57,Female,High,Cultural,16,4264.96,Website,Yes,4.0,3
38,Other,Medium,Cultural,9,2193.68,Agent,No,3.0,2
32,Male,Medium,Leisure,9,2598.08,App,No,2.9,2
50,Male,Low,Adventure,12,2742.57,App,Yes,3.8,0
52,Other,Medium,Adventure,15,3326.27,Website,No,3.2,0
43,Female,Medium,Adventure,11,2138.56,Website,No,3.2,0
25,Other,Medium,Religious,9,2086.01,Website,Yes,3.7,1
53,Other,High,Leisure,14,3701.36,App,Yes,4.2,3
65,Female,Medium,Leisure,8,2467.56,Agent,Yes,4.0,1
47,Other,Medium,Leisure,10,2491.79,Agent,Yes,3.1,0
40,Other,Medium,Religious,7,2239.36,Website,Yes,4.1,1
59,Other,Low,Adventure,13,2370.05,Website,Yes,2.7,0
61,Female,Medium,Adventure,14,3563.4,Agent,Yes,4.1,3
31,Male,Medium,Adventure,12,2767.41,Website,No,2.9,0
31,Male,Medium,Leisure,10,3132.85,Agent,Yes,4.2,1
19,Female,Medium,Leisure,11,2391.79,Agent,Yes,4.3,1
54,Male,Medium,Cultural,12,2239.07,Agent,No,2.7,0
22,Other,Medium,Religious,9,2305.2,Agent,Yes,4.4,1
55,Male,Medium,Religious,7,2185.69,App,Yes,4.0,1
62,Other,Medium,Leisure,9,2625.96,Agent,No,4.2,1
58,Male,High,Cultural,14,4026.41,Website,Yes,3.9,3
64,Female,Low,Adventure,15,1931.7,Website,No,2.5,0
31,Male,Low,Leisure,8,1274.98,Website,Yes,3.9,1
56,Male,Medium,Religious,8,2406.9,Website,Yes,3.9,1
42,Male,Low,Religious,7,1514.05,App,Yes,3.5,2
37,Female,Low,Religious,5,1073.88,Agent,Yes,3.6,2
19,Male,Medium,Adventure,14,3265.98,Agent,No,3.2,0
56,Female,Medium,Religious,10,1654.53,Website,No,3.5,2
23,Other,Medium,Adventure,12,2527.05,Website,No,2.4,0
34,Male,High,Adventure,14,4087.07,Website,No,3.5,3
42,Female,Medium,Adventure,14,2791.98,Agent,Yes,4.0,3
45,Female,High,Leisure,10,3650.45,App,No,3.8,3
19,Male,Low,Adventure,11,1619.84,App,No,3.5,2
52,Other,Medium,Cultural,15,3088.21,App,No,3.1,0
54,Female,High,Religious,10,3112.58,App,No,3.5,0
22,Male,Medium,Leisure,8,2379.21,Website,Yes,4.3,1
18,Other,Medium,Religious,7,2423.13,Agent,Yes,4.3,1
57,Female,Medium,Adventure,15,3124.81,Website,No,3.0,0
29,Female,Low,Leisure,7,1721.77,App,Yes,4.1,1
53,Other,Medium,Cultural,11,2636.99,Website,Yes,3.6,0
62,Other,Medium,Adventure,16,3078.45,App,No,2.9,0
40,Male,High,Religious,12,4142.69,Agent,Yes,4.1,3
64,Male,Low,Cultural,10,1991.53,App,Yes,4.3,1
48,Female,High,Adventure,12,3930.26,Website,Yes,2.9,0
28,Other,High,Cultural,14,3910.99,Agent,No,3.6,3
27,Other,Low,Adventure,10,2077.54,App,Yes,3.8,1
20,Other,Medium,Leisure,10,1896.36,App,No,2.4,2
31,Female,High,Adventure,12,3873.29,Agent,Yes,4.3,3
33,Other,High,Leisure,12,3521.5,Website,Yes,4.3,3
27,Other,Medium,Adventure,11,3001.56,Agent,Yes,4.2,3
46,Female,Medium,Adventure,15,2884.3,Website,No,2.0,0
27,Male,Medium,Religious,8,2631.77,App,Yes,4.8,1
29,Male,Medium,Cultural,10,2584.45,App,No,3.1,0
47,Female,Low,Cultural,9,1449.11,Agent,No,3.3,2
58,Other,Medium,Cultural,13,2691.92,App,No,3.5,0
18,Female,Low,Adventure,11,1934.42,Agent,No,2.7,2
22,Male,Low,Adventure,12,2793.15,App,Yes,4.1,3
37,Male,Medium,Adventure,16,3564.27,App,Yes,3.7,3
25,Female,Medium,Leisure,7,1585.64,Website,No,2.4,2
60,Female,Medium,Leisure,12,2053.52,Agent,No,3.5,0
29,Male,Medium,Religious,8,1372.81,Agent,No,2.7,2
18,Female,Medium,Adventure,11,2931.26,App,No,3.0,0
37,Male,Low,Cultural,8,1419.77,Website,No,2.9,2
45,Female,Medium,Cultural,11,2839.59,Website,Yes,4.1,1
60,Female,High,Religious,12,3362.78,Agent,No,3.4,0
54,Female,Medium,Cultural,12,2943.46,Agent,No,3.5,0
64,Male,Medium,Religious,11,2166.14,App,No,2.6,0
54,Female,Medium,Adventure,12,3507.96,Agent,Yes,3.8,3
29,Male,High,Cultural,13,3794.75,App,No,3.4,3
54,Male,Low,Adventure,10,1568.87,Website,No,3.7,1
66,Female,Medium,Leisure,11,2899.14,Agent,Yes,3.9,1
66,Female,Medium,Cultural,13,2614.27,Website,No,3.6,0
61,Male,Medium,Leisure,9,2533.47,Website,Yes,4.1,1
45,Male,Low,Cultural,6,1490.76,App,No,3.1,2
64,Other,Medium,Adventure,14,3230.01,Website,Yes,3.8,3
32,Male,Low,Religious,7,2227.89,App,Yes,4.1,1
23,Other,Medium,Adventure,13,3631.65,App,Yes,4.3,3
61,Other,Medium,Adventure,16,3163.22,Website,No,3.7,3
37,Other,Low,Adventure,10,2099.92,Website,Yes,3.9,1
67,Female,High,Cultural,15,4418.52,App,No,4.0,3
31,Female,Low,Religious,8,1321.77,App,No,2.6,2
19,Male,High,Leisure,8,2964.24,Website,No,3.6,1
26,Other,Medium,Adventure,13,3200.31,App,Yes,3.6,0
54,Female,Low,Cultural,10,1727.1,App,No,3.2,2
37,Female,Low,Leisure,8,245.25,Agent,No,2.4,2
43,Female,High,Adventure,15,4609.56,Agent,Yes,4.4,3
46,Female,Low,Leisure,7,1434.83,Agent,Yes,3.4,2
18,Female,Low,Adventure,10,2599.18,Agent,Yes,4.0,1
52,Other,Medium,Leisure,10,2197.18,Agent,No,3.5,1
23,Other,Medium,Leisure,7,2059.69,App,Yes,3.3,2
54,Other,Medium,Religious,7,2406.41,App,Yes,5.0,1
22,Other,Low,Religious,7,597.54,Agent,No,2.6,2
50,Male,Low,Adventure,10,2273.4,Website,Yes,3.0,2
66,Other,Low,Cultural,12,1868.66,Agent,No,3.0,0
68,Female,Low,Religious,8,1338.73,Website,No,3.0,2
31,Other,Medium,Leisure,7,2219.11,App,Yes,4.1,1
29,Male,Medium,Religious,7,1606.58,Website,No,3.6,2
59,Female,Low,Religious,9,1356.87,App,Yes,3.9,1
37,Other,Medium,Adventure,12,3196.82,Website,Yes,4.1,3
67,Other,Medium,Religious,9,2362.04,App,No,3.6,1
41,Other,High,Religious,11,3945.12,App,Yes,4.3,3
60,Female,High,Leisure,13,3611.86,Agent,No,4.1,3
51,Female,High,Religious,10,3910.81,App,Yes,3.9,3
42,Male,Low,Leisure,7,2042.68,Agent,Yes,4.1,1
67,Female,Low,Religious,10,1230.85,Agent,No,2.9,2
46,Female,Medium,Religious,11,2512.97,Agent,Yes,4.2,1
56,Other,Low,Cultural,12,1255.54,Website,No,2.4,2
48,Female,Medium,Religious,9,1950.9,Website,Yes,3.1,2
64,Other,Medium,Leisure,9,2370.72,App,No,3.4,2
60,Other,High,Leisure,10,4162.56,Agent,Yes,4.7,3
67,Female,High,Adventure,16,4649.49,Agent,Yes,4.7,3
40,Male,Medium,Adventure,14,3350.6,App,Yes,3.4,0
61,Male,Medium,Cultural,14,2954.31,Agent,Yes,4.2,3
55,Female,Medium,Leisure,11,2255.95,App,No,4.1,1
37,Male,Low,Leisure,6,1564.87,Agent,Yes,3.8,1
40,Other,Medium,Leisure,11,1992.2,Website,Yes,3.2,0
62,Other,Low,Cultural,9,2515.66,App,Yes,3.9,1
69,Female,Medium,Leisure,10,2226.75,App,No,3.2,2
33,Male,Medium,Adventure,14,2902.95,Website,No,3.4,0
67,Male,Medium,Cultural,15,2935.38,App,Yes,3.5,0
59,Other,Medium,Adventure,19,3717.03,Website,Yes,4.3,3
25,Female,Medium,Adventure,14,3397.96,Agent,Yes,3.5,0
67,Male,High,Cultural,13,3811.64,Website,No,2.8,0
38,Female,Low,Religious,8,1003.05,Website,Yes,3.9,1
18,Male,Medium,Religious,9,2436.24,App,Yes,3.1,2
25,Other,Medium,Adventure,12,2321.46,Agent,No,3.0,0
46,Other,Medium,Religious,11,1845.55,Website,No,4.3,1
49,Female,High,Leisure,12,4205.2,Agent,Yes,4.3,3
55,Other,Low,Cultural,11,1755.39,Website,No,2.5,2
22,Male,Medium,Adventure,14,3335.93,App,Yes,3.9,3
64,Other,Medium,Leisure,11,1868.93,Website,No,3.0,2
39,Female,High,Religious,11,3680.05,Website,Yes,4.3,3
64,Female,Low,Leisure,8,1737.19,Agent,Yes,4.1,1
51,Female,Medium,Religious,8,1070.28,Website,No,2.5,2
18,Male,Medium,Adventure,11,3366.17,App,Yes,4.8,3
43,Male,Low,Leisure,9,1829.11,App,Yes,3.8,1
60,Male,Medium,Cultural,13,3222.11,Website,Yes,4.2,3
27,Male,Medium,Adventure,14,2327.8,Website,No,2.8,0
47,Male,Medium,Leisure,12,1733.37,Agent,Yes,4.0,1
67,Other,High,Leisure,12,3670.1,Agent,No,3.4,0
35,Male,Medium,Religious,9,2533.85,App,Yes,4.2,1
34,Male,Medium,Adventure,12,2614.17,Agent,Yes,3.4,0
43,Other,Medium,Adventure,13,2782.83,Website,Yes,3.4,0
25,Male,Low,Adventure,12,3252.94,App,Yes,4.3,3
64,Female,Low,Adventure,14,2099.69,Agent,No,2.8,0
57,Male,Medium,Religious,8,2315.66,App,No,3.1,2
66,Male,Medium,Cultural,12,2636.18,Website,Yes,3.6,0
29,Female,Low,Adventure,9,1489.29,Agent,Yes,3.9,1
44,Female,Medium,Religious,8,1680.3,Website,No,2.9,2
25,Female,Medium,Cultural,12,2146.69,Website,No,3.0,0
42,Female,Low,Cultural,11,1631.41,App,No,2.9,2
63,Male,Medium,Religious,10,2211.98,App,No,2.5,2
21,Female,Low,Adventure,11,2425.66,App,Yes,3.2,0
50,Female,High,Cultural,13,3716.34,Agent,No,3.6,3
18,Other,High,Adventure,13,3922.17,Agent,Yes,3.8,3
36,Female,Medium,Adventure,14,3547.23,App,Yes,4.4,3
48,Female,Low,Leisure,9,726.56,Agent,No,3.1,2
33,Other,Medium,Adventure,14,2221.27,Agent,No,3.3,0
31,Other,High,Leisure,10,3658.13,App,No,4.5,3
65,Male,Medium,Cultural,9,2798.48,Website,Yes,4.1,1
22,Other,Low,Religious,8,1354.16,Agent,Yes,3.9,1
58,Male,Medium,Leisure,9,2142.74,Agent,Yes,3.6,1
43,Other,High,Religious,9,2774.0,Website,No,4.5,1
45,Other,Medium,Cultural,13,2707.55,Website,Yes,4.6,3
19,Male,Medium,Adventure,12,2017.61,Website,No,3.0,0
67,Other,Medium,Cultural,14,3034.67,App,Yes,4.0,3
23,Male,Medium,Religious,9,1882.08,Website,No,3.7,1
26,Other,Low,Cultural,10,2039.57,App,No,3.1,2
50,Female,Medium,Adventure,12,2925.55,Website,Yes,3.6,0
58,Other,Low,Cultural,12,2218.32,Website,Yes,4.0,1
42,Male,Medium,Adventure,14,2457.16,App,No,3.1,0
65,Other,Low,Leisure,8,2084.21,App,Yes,4.0,1
30,Male,Medium,Religious,8,1420.19,Website,No,2.7,2
26,Male,Low,Adventure,9,1643.58,Website,No,2.4,2
30,Female,Medium,Adventure,14,2997.05,Website,Yes,3.9,3
48,Female,Medium,Cultural,10,2767.5,Agent,No,3.8,1
58,Male,Low,Leisure,6,1169.05,Website,Yes,3.6,2
28,Other,Low,Adventure,9,2049.66,App,No,3.8,1
21,Male,Low,Leisure,9,1492.52,Agent,Yes,3.3,2
51,Male,High,Leisure,10,3488.88,App,No,3.3,0
55,Other,Medium,Cultural,14,2991.22,Agent,Yes,3.8,3
63,Other,Medium,Adventure,13,3072.67,Agent,Yes,3.8,3
21,Other,Low,Cultural,7,1802.15,App,Yes,4.3,1
55,Other,Medium,Religious,7,1857.58,Agent,No,3.1,2
36,Male,High,Religious,12,3903.75,App,Yes,4.8,3
23,Male,High,Adventure,14,3861.73,Website,No,4.2,3
51,Female,Medium,Leisure,9,2765.77,Agent,Yes,4.1,1
35,Male,Low,Adventure,12,2353.43,App,No,3.6,0
30,Other,Low,Adventure,12,1586.19,Agent,No,2.5,2
58,Female,Low,Religious,9,2022.01,App,Yes,4.3,1
40,Other,Low,Religious,9,1015.48,Website,Yes,3.8,2
36,Male,Low,Leisure,7,1557.73,Website,Yes,4.2,1
62,Female,Low,Leisure,7,1847.3,Agent,Yes,4.0,1
28,Other,Medium,Adventure,12,2517.98,Agent,Yes,2.6,0
18,Female,High,Cultural,13,3779.27,App,No,3.2,0
41,Female,Medium,Adventure,12,3165.83,App,Yes,3.7,0
24,Male,High,Leisure,9,2963.75,Agent,No,3.2,0
42,Other,Medium,Cultural,12,3016.63,App,No,3.4,0
38,Female,Low,Religious,7,1345.27,App,Yes,3.5,2
32,Female,Medium,Leisure,9,1939.46,App,No,2.9,2
18,Other,Low,Leisure,6,1404.08,Agent,Yes,3.4,2
29,Female,Medium,Cultural,11,2392.05,Website,No,2.9,0
24,Female,Medium,Leisure,8,2138.88,Website,Yes,4.4,1
32,Female,High,Leisure,12,3911.29,App,No,3.3,0
38,Other,Low,Leisure,9,1420.67,Agent,No,2.8,2
36,Other,Low,Leisure,5,907.91,App,Yes,3.5,2
46,Other,High,Leisure,10,3052.54,Website,No,3.7,1
42,Other,Low,Leisure,6,1482.82,App,Yes,4.1,1
50,Male,Medium,Leisure,9,2515.18,Website,Yes,2.8,2
66,Female,Medium,Leisure,10,1473.93,Agent,No,3.3,2
49,Other,High,Religious,8,4421.08,App,Yes,5.0,3
66,Female,High,Leisure,10,3620.68,Agent,No,3.3,0
52,Female,High,Religious,9,3776.04,App,Yes,4.2,3
61,Male,Low,Religious,8,1670.85,App,No,3.0,2
55,Other,High,Adventure,15,5459.47,App,Yes,4.1,3
43,Other,Medium,Adventure,12,3577.6,App,Yes,4.2,3
28,Female,Medium,Religious,8,2636.02,App,Yes,3.4,1
52,Other,Low,Religious,6,1440.58,Agent,Yes,3.4,2
25,Female,Medium,Leisure,9,2353.92,Agent,Yes,4.6,1
63,Female,High,Adventure,18,4533.64,Website,Yes,3.6,3
31,Male,High,Cultural,15,4088.54,App,Yes,4.5,3
27,Male,Medium,Adventure,11,2670.27,Website,Yes,4.0,1
19,Male,Low,Religious,8,951.21,Agent,Yes,2.7,2
63,Female,Medium,Religious,10,2323.61,Website,Yes,4.1,1
26,Other,High,Leisure,9,3095.98,Agent,Yes,4.2,1
20,Male,Medium,Leisure,10,2238.65,App,No,3.0,2
38,Other,Medium,Adventure,16,3220.48,Website,Yes,3.8,3
43,Male,Low,Leisure,6,1400.46,Website,Yes,4.1,1
25,Male,Medium,Cultural,10,2349.74,Website,Yes,4.2,1
65,Female,Medium,Cultural,14,3469.43,Website,No,3.8,3
19,Male,High,Leisure,11,4244.41,App,Yes,4.6,3
23,Male,Medium,Cultural,12,1993.01,Agent,No,2.5,0
45,Female,Medium,Cultural,12,2946.24,Agent,Yes,3.7,0
46,Other,Medium,Adventure,14,3268.97,App,Yes,5.0,3
43,Male,Low,Cultural,8,1122.03,Agent,No,3.2,2
42,Female,High,Religious,12,3159.35,Website,Yes,4.9,3
29,Male,Medium,Religious,10,2606.04,App,Yes,4.5,1
22,Female,Medium,Adventure,13,2516.96,Agent,No,3.2,0
51,Other,Medium,Leisure,10,2626.72,App,No,3.5,0
65,Other,Medium,Adventure,12,3324.51,App,No,3.4,0
54,Female,Medium,Leisure,11,2673.55,Agent,No,2.6,0
32,Female,Medium,Leisure,10,1835.66,Agent,No,3.1,2
61,Female,Low,Leisure,8,1608.99,App,No,3.6,2
53,Other,Medium,Leisure,11,2996.11,App,Yes,3.8,0
32,Male,Low,Leisure,7,969.12,Agent,No,3.1,2
60,Other,Medium,Adventure,15,2949.84,App,No,3.5,0
65,Female,Low,Leisure,7,2159.23,Agent,Yes,3.8,1
40,Female,Medium,Cultural,11,3009.62,App,Yes,3.8,0
23,Other,High,Cultural,12,4307.17,App,Yes,3.9,3
63,Female,High,Leisure,12,3469.75,App,No,3.1,0
67,Other,Medium,Cultural,12,2620.59,Agent,Yes,3.3,0
61,Female,Medium,Religious,9,1705.54,Website,No,2.7,2
60,Male,Low,Adventure,14,2534.17,Agent,Yes,4.2,3
62,Male,Medium,Adventure,13,2752.11,App,No,2.8,0
38,Female,High,Leisure,8,3448.42,Website,Yes,4.7,1
40,Other,Low,Leisure,11,734.82,Website,No,2.4,2
60,Male,Medium,Religious,11,1955.36,App,No,3.5,0
33,Other,High,Leisure,9,3437.65,Agent,No,4.3,1
64,Female,High,Cultural,15,3982.51,Website,No,3.7,3
32,Other,Low,Religious,6,633.81,Website,No,2.9,2
42,Male,Medium,Cultural,12,2556.05,Agent,Yes,3.7,0
53,Other,Low,Adventure,13,2168.16,Agent,Yes,3.1,0
28,Other,Low,Cultural,9,1149.4,Website,No,3.6,2
68,Female,High,Adventure,15,4864.73,Agent,Yes,3.9,3
32,Female,High,Cultural,12,4139.85,Website,Yes,4.5,3
21,Female,Medium,Adventure,11,2997.42,App,Yes,4.4,3
38,Male,Low,Leisure,7,1195.33,Agent,Yes,3.4,2
30,Male,High,Cultural,12,3931.73,Website,Yes,4.6,3
39,Female,Medium,Adventure,12,2499.32,Agent,No,3.5,0
36,Female,Medium,Cultural,12,2675.9,Agent,Yes,4.5,3
51,Male,Medium,Religious,11,2743.96,Website,Yes,3.7,0
